STRUCTURE,STRUCTURE_ID,STRUCTURE_NAME,freq,Time frequency,unit,Unit of measure,s_adj,Seasonal adjustment,na_item,National accounts indicator (ESA 2010),geo,Geopolitical entity (reporting),TIME_PERIOD,Time,OBS_VALUE,Observation value,OBS_FLAG,Observation status (Flag) V2 structure,CONF_STATUS,Confidentiality status (flag)
dataflow,ESTAT:NAMQ_10_GDP(1.0),"Gross domestic product (GDP) and main components (output, expenditure and income) - quarterly data",Q,Quarterly,CLV_I20,"Chain linked volumes, index 2020=100",SCA,Seasonally and calendar adjusted data,B1GQ,Gross domestic product at market prices,FR,France,1980-Q1,,53.093,,,,,
dataflow,ESTAT:NAMQ_10_GDP(1.0),"Gross domestic product (GDP) and main components (output, expenditure and income) - quarterly data",Q,Quarterly,CLV_I20,"Chain linked volumes, index 2020=100",SCA,Seasonally and calendar adjusted data,B1GQ,Gross domestic product at market prices,FR,France,1980-Q2,,52.665,,,,,
dataflow,ESTAT:NAMQ_10_GDP(1.0),"Gross domestic product (GDP) and main components (output, expenditure and income) - quarterly data",Q,Quarterly,CLV_I20,"Chain linked volumes, index 2020=100",SCA,Seasonally and calendar adjusted data,B1GQ,Gross domestic product at market prices,FR,France,1980-Q3,,52.745,,,,,
dataflow,ESTAT:NAMQ_10_GDP(1.0),"Gross domestic product (GDP) and main components (output, expenditure and income) - quarterly data",Q,Quarterly,CLV_I20,"Chain linked volumes, index 2020=100",SCA,Seasonally and calendar adjusted data,B1GQ,Gross domestic product at market prices,FR,France,1980-Q4,,52.663,,,,,
dataflow,ESTAT:NAMQ_10_GDP(1.0),"Gross domestic product (GDP) and main components (output, expenditure and income) - quarterly data",Q,Quarterly,CLV_I20,"Chain linked volumes, index 2020=100",SCA,Seasonally and calendar adjusted data,B1GQ,Gross domestic product at market prices,FR,France,1981-Q1,,52.858,,,,,
dataflow,ESTAT:NAMQ_10_GDP(1.0),"Gross domestic product (GDP) and main components (output, expenditure and income) - quarterly data",Q,Quarterly,CLV_I20,"Chain linked volumes, index 2020=100",SCA,Seasonally and calendar adjusted data,B1GQ,Gross domestic product at market prices,FR,France,1981-Q2,,53.258,,,,,
dataflow,ESTAT:NAMQ_10_GDP(1.0),"Gross domestic product (GDP) and main components (output, expenditure and income) - quarterly data",Q,Quarterly,CLV_I20,"Chain linked volumes, index 2020=100",SCA,Seasonally and calendar adjusted data,B1GQ,Gross domestic product at market prices,FR,France,1981-Q3,,53.616,,,,,
dataflow,ESTAT:NAMQ_10_GDP(1.0),"Gross domestic product (GDP) and main components (output, expenditure and income) - quarterly data",Q,Quarterly,CLV_I20,"Chain linked volumes, index 2020=100",SCA,Seasonally and calendar adjusted data,B1GQ,Gross domestic product at market prices,FR,France,1981-Q4,,53.939,,,,,
dataflow,ESTAT:NAMQ_10_GDP(1.0),"Gross domestic product (GDP) and main components (output, expenditure and income) - quarterly data",Q,Quarterly,CLV_I20,"Chain linked volumes, index 2020=100",SCA,Seasonally and calendar adjusted data,B1GQ,Gross domestic product at market prices,FR,France,1982-Q1,,54.347,,,,,
dataflow,ESTAT:NAMQ_10_GDP(1.0),"Gross domestic product (GDP) and main components (output, expenditure and income) - quarterly data",Q,Quarterly,CLV_I20,"Chain linked volumes, index 2020=100",SCA,Seasonally and calendar adjusted data,B1GQ,Gross domestic product at market prices,FR,France,1982-Q2,,54.732,,,,,
dataflow,ESTAT:NAMQ_10_GDP(1.0),"Gross domestic product (GDP) and main components (output, expenditure and income) - quarterly data",Q,Quarterly,CLV_I20,"Chain linked volumes, index 2020=100",SCA,Seasonally and calendar adjusted data,B1GQ,Gross domestic product at market prices,FR,France,1982-Q3,,54.700,,,,,
dataflow,ESTAT:NAMQ_10_GDP(1.0),"Gross domestic product (GDP) and main components (output, expenditure and income) - quarterly data",Q,Quarterly,CLV_I20,"Chain linked volumes, index 2020=100",SCA,Seasonally and calendar adjusted data,B1GQ,Gross domestic product at market prices,FR,France,1982-Q4,,55.028,,,,,
dataflow,ESTAT:NAMQ_10_GDP(1.0),"Gross domestic product (GDP) and main components (output, expenditure and income) - quarterly data",Q,Quarterly,CLV_I20,"Chain linked volumes, index 2020=100",SCA,Seasonally and calendar adjusted data,B1GQ,Gross domestic product at market prices,FR,France,1983-Q1,,55.239,,,,,
dataflow,ESTAT:NAMQ_10_GDP(1.0),"Gross domestic product (GDP) and main components (output, expenditure and income) - quarterly data",Q,Quarterly,CLV_I20,"Chain linked volumes, index 2020=100",SCA,Seasonally and calendar adjusted data,B1GQ,Gross domestic product at market prices,FR,France,1983-Q2,,55.269,,,,,
dataflow,ESTAT:NAMQ_10_GDP(1.0),"Gross domestic product (GDP) and main components (output, expenditure and income) - quarterly data",Q,Quarterly,CLV_I20,"Chain linked volumes, index 2020=100",SCA,Seasonally and calendar adjusted data,B1GQ,Gross domestic product at market prices,FR,France,1983-Q3,,55.358,,,,,
dataflow,ESTAT:NAMQ_10_GDP(1.0),"Gross domestic product (GDP) and main components (output, expenditure and income) - quarterly data",Q,Quarterly,CLV_I20,"Chain linked volumes, index 2020=100",SCA,Seasonally and calendar adjusted data,B1GQ,Gross domestic product at market prices,FR,France,1983-Q4,,55.703,,,,,
dataflow,ESTAT:NAMQ_10_GDP(1.0),"Gross domestic product (GDP) and main components (output, expenditure and income) - quarterly data",Q,Quarterly,CLV_I20,"Chain linked volumes, index 2020=100",SCA,Seasonally and calendar adjusted data,B1GQ,Gross domestic product at market prices,FR,France,1984-Q1,,55.951,,,,,
dataflow,ESTAT:NAMQ_10_GDP(1.0),"Gross domestic product (GDP) and main components (output, expenditure and income) - quarterly data",Q,Quarterly,CLV_I20,"Chain linked volumes, index 2020=100",SCA,Seasonally and calendar adjusted data,B1GQ,Gross domestic product at market prices,FR,France,1984-Q2,,56.217,,,,,
dataflow,ESTAT:NAMQ_10_GDP(1.0),"Gross domestic product (GDP) and main components (output, expenditure and income) - quarterly data",Q,Quarterly,CLV_I20,"Chain linked volumes, index 2020=100",SCA,Seasonally and calendar adjusted data,B1GQ,Gross domestic product at market prices,FR,France,1984-Q3,,56.580,,,,,
dataflow,ESTAT:NAMQ_10_GDP(1.0),"Gross domestic product (GDP) and main components (output, expenditure and income) - quarterly data",Q,Quarterly,CLV_I20,"Chain linked volumes, index 2020=100",SCA,Seasonally and calendar adjusted data,B1GQ,Gross domestic product at market prices,FR,France,1984-Q4,,56.528,,,,,
dataflow,ESTAT:NAMQ_10_GDP(1.0),"Gross domestic product (GDP) and main components (output, expenditure and income) - quarterly data",Q,Quarterly,CLV_I20,"Chain linked volumes, index 2020=100",SCA,Seasonally and calendar adjusted data,B1GQ,Gross domestic product at market prices,FR,France,1985-Q1,,56.670,,,,,
dataflow,ESTAT:NAMQ_10_GDP(1.0),"Gross domestic product (GDP) and main components (output, expenditure and income) - quarterly data",Q,Quarterly,CLV_I20,"Chain linked volumes, index 2020=100",SCA,Seasonally and calendar adjusted data,B1GQ,Gross domestic product at market prices,FR,France,1985-Q2,,57.141,,,,,
dataflow,ESTAT:NAMQ_10_GDP(1.0),"Gross domestic product (GDP) and main components (output, expenditure and income) - quarterly data",Q,Quarterly,CLV_I20,"Chain linked volumes, index 2020=100",SCA,Seasonally and calendar adjusted data,B1GQ,Gross domestic product at market prices,FR,France,1985-Q3,,57.468,,,,,
dataflow,ESTAT:NAMQ_10_GDP(1.0),"Gross domestic product (GDP) and main components (output, expenditure and income) - quarterly data",Q,Quarterly,CLV_I20,"Chain linked volumes, index 2020=100",SCA,Seasonally and calendar adjusted data,B1GQ,Gross domestic product at market prices,FR,France,1985-Q4,,57.759,,,,,
dataflow,ESTAT:NAMQ_10_GDP(1.0),"Gross domestic product (GDP) and main components (output, expenditure and income) - quarterly data",Q,Quarterly,CLV_I20,"Chain linked volumes, index 2020=100",SCA,Seasonally and calendar adjusted data,B1GQ,Gross domestic product at market prices,FR,France,1986-Q1,,57.937,,,,,
dataflow,ESTAT:NAMQ_10_GDP(1.0),"Gross domestic product (GDP) and main components (output, expenditure and income) - quarterly data",Q,Quarterly,CLV_I20,"Chain linked volumes, index 2020=100",SCA,Seasonally and calendar adjusted data,B1GQ,Gross domestic product at market prices,FR,France,1986-Q2,,58.573,,,,,
dataflow,ESTAT:NAMQ_10_GDP(1.0),"Gross domestic product (GDP) and main components (output, expenditure and income) - quarterly data",Q,Quarterly,CLV_I20,"Chain linked volumes, index 2020=100",SCA,Seasonally and calendar adjusted data,B1GQ,Gross domestic product at market prices,FR,France,1986-Q3,,58.891,,,,,
dataflow,ESTAT:NAMQ_10_GDP(1.0),"Gross domestic product (GDP) and main components (output, expenditure and income) - quarterly data",Q,Quarterly,CLV_I20,"Chain linked volumes, index 2020=100",SCA,Seasonally and calendar adjusted data,B1GQ,Gross domestic product at market prices,FR,France,1986-Q4,,58.964,,,,,
dataflow,ESTAT:NAMQ_10_GDP(1.0),"Gross domestic product (GDP) and main components (output, expenditure and income) - quarterly data",Q,Quarterly,CLV_I20,"Chain linked volumes, index 2020=100",SCA,Seasonally and calendar adjusted data,B1GQ,Gross domestic product at market prices,FR,France,1987-Q1,,59.013,,,,,
dataflow,ESTAT:NAMQ_10_GDP(1.0),"Gross domestic product (GDP) and main components (output, expenditure and income) - quarterly data",Q,Quarterly,CLV_I20,"Chain linked volumes, index 2020=100",SCA,Seasonally and calendar adjusted data,B1GQ,Gross domestic product at market prices,FR,France,1987-Q2,,59.891,,,,,
dataflow,ESTAT:NAMQ_10_GDP(1.0),"Gross domestic product (GDP) and main components (output, expenditure and income) - quarterly data",Q,Quarterly,CLV_I20,"Chain linked volumes, index 2020=100",SCA,Seasonally and calendar adjusted data,B1GQ,Gross domestic product at market prices,FR,France,1987-Q3,,60.294,,,,,
dataflow,ESTAT:NAMQ_10_GDP(1.0),"Gross domestic product (GDP) and main components (output, expenditure and income) - quarterly data",Q,Quarterly,CLV_I20,"Chain linked volumes, index 2020=100",SCA,Seasonally and calendar adjusted data,B1GQ,Gross domestic product at market prices,FR,France,1987-Q4,,61.183,,,,,
dataflow,ESTAT:NAMQ_10_GDP(1.0),"Gross domestic product (GDP) and main components (output, expenditure and income) - quarterly data",Q,Quarterly,CLV_I20,"Chain linked volumes, index 2020=100",SCA,Seasonally and calendar adjusted data,B1GQ,Gross domestic product at market prices,FR,France,1988-Q1,,61.969,,,,,
dataflow,ESTAT:NAMQ_10_GDP(1.0),"Gross domestic product (GDP) and main components (output, expenditure and income) - quarterly data",Q,Quarterly,CLV_I20,"Chain linked volumes, index 2020=100",SCA,Seasonally and calendar adjusted data,B1GQ,Gross domestic product at market prices,FR,France,1988-Q2,,62.511,,,,,
dataflow,ESTAT:NAMQ_10_GDP(1.0),"Gross domestic product (GDP) and main components (output, expenditure and income) - quarterly data",Q,Quarterly,CLV_I20,"Chain linked volumes, index 2020=100",SCA,Seasonally and calendar adjusted data,B1GQ,Gross domestic product at market prices,FR,France,1988-Q3,,63.302,,,,,
dataflow,ESTAT:NAMQ_10_GDP(1.0),"Gross domestic product (GDP) and main components (output, expenditure and income) - quarterly data",Q,Quarterly,CLV_I20,"Chain linked volumes, index 2020=100",SCA,Seasonally and calendar adjusted data,B1GQ,Gross domestic product at market prices,FR,France,1988-Q4,,63.824,,,,,
dataflow,ESTAT:NAMQ_10_GDP(1.0),"Gross domestic product (GDP) and main components (output, expenditure and income) - quarterly data",Q,Quarterly,CLV_I20,"Chain linked volumes, index 2020=100",SCA,Seasonally and calendar adjusted data,B1GQ,Gross domestic product at market prices,FR,France,1989-Q1,,64.655,,,,,
dataflow,ESTAT:NAMQ_10_GDP(1.0),"Gross domestic product (GDP) and main components (output, expenditure and income) - quarterly data",Q,Quarterly,CLV_I20,"Chain linked volumes, index 2020=100",SCA,Seasonally and calendar adjusted data,B1GQ,Gross domestic product at market prices,FR,France,1989-Q2,,65.376,,,,,
dataflow,ESTAT:NAMQ_10_GDP(1.0),"Gross domestic product (GDP) and main components (output, expenditure and income) - quarterly data",Q,Quarterly,CLV_I20,"Chain linked volumes, index 2020=100",SCA,Seasonally and calendar adjusted data,B1GQ,Gross domestic product at market prices,FR,France,1989-Q3,,66.113,,,,,
dataflow,ESTAT:NAMQ_10_GDP(1.0),"Gross domestic product (GDP) and main components (output, expenditure and income) - quarterly data",Q,Quarterly,CLV_I20,"Chain linked volumes, index 2020=100",SCA,Seasonally and calendar adjusted data,B1GQ,Gross domestic product at market prices,FR,France,1989-Q4,,66.999,,,,,
dataflow,ESTAT:NAMQ_10_GDP(1.0),"Gross domestic product (GDP) and main components (output, expenditure and income) - quarterly data",Q,Quarterly,CLV_I20,"Chain linked volumes, index 2020=100",SCA,Seasonally and calendar adjusted data,B1GQ,Gross domestic product at market prices,FR,France,1990-Q1,,67.141,,,,,
dataflow,ESTAT:NAMQ_10_GDP(1.0),"Gross domestic product (GDP) and main components (output, expenditure and income) - quarterly data",Q,Quarterly,CLV_I20,"Chain linked volumes, index 2020=100",SCA,Seasonally and calendar adjusted data,B1GQ,Gross domestic product at market prices,FR,France,1990-Q2,,67.502,,,,,
dataflow,ESTAT:NAMQ_10_GDP(1.0),"Gross domestic product (GDP) and main components (output, expenditure and income) - quarterly data",Q,Quarterly,CLV_I20,"Chain linked volumes, index 2020=100",SCA,Seasonally and calendar adjusted data,B1GQ,Gross domestic product at market prices,FR,France,1990-Q3,,67.940,,,,,
dataflow,ESTAT:NAMQ_10_GDP(1.0),"Gross domestic product (GDP) and main components (output, expenditure and income) - quarterly data",Q,Quarterly,CLV_I20,"Chain linked volumes, index 2020=100",SCA,Seasonally and calendar adjusted data,B1GQ,Gross domestic product at market prices,FR,France,1990-Q4,,67.908,,,,,
dataflow,ESTAT:NAMQ_10_GDP(1.0),"Gross domestic product (GDP) and main components (output, expenditure and income) - quarterly data",Q,Quarterly,CLV_I20,"Chain linked volumes, index 2020=100",SCA,Seasonally and calendar adjusted data,B1GQ,Gross domestic product at market prices,FR,France,1991-Q1,,68.087,,,,,
dataflow,ESTAT:NAMQ_10_GDP(1.0),"Gross domestic product (GDP) and main components (output, expenditure and income) - quarterly data",Q,Quarterly,CLV_I20,"Chain linked volumes, index 2020=100",SCA,Seasonally and calendar adjusted data,B1GQ,Gross domestic product at market prices,FR,France,1991-Q2,,68.338,,,,,
dataflow,ESTAT:NAMQ_10_GDP(1.0),"Gross domestic product (GDP) and main components (output, expenditure and income) - quarterly data",Q,Quarterly,CLV_I20,"Chain linked volumes, index 2020=100",SCA,Seasonally and calendar adjusted data,B1GQ,Gross domestic product at market prices,FR,France,1991-Q3,,68.615,,,,,
dataflow,ESTAT:NAMQ_10_GDP(1.0),"Gross domestic product (GDP) and main components (output, expenditure and income) - quarterly data",Q,Quarterly,CLV_I20,"Chain linked volumes, index 2020=100",SCA,Seasonally and calendar adjusted data,B1GQ,Gross domestic product at market prices,FR,France,1991-Q4,,68.946,,,,,
dataflow,ESTAT:NAMQ_10_GDP(1.0),"Gross domestic product (GDP) and main components (output, expenditure and income) - quarterly data",Q,Quarterly,CLV_I20,"Chain linked volumes, index 2020=100",SCA,Seasonally and calendar adjusted data,B1GQ,Gross domestic product at market prices,FR,France,1992-Q1,,69.439,,,,,
dataflow,ESTAT:NAMQ_10_GDP(1.0),"Gross domestic product (GDP) and main components (output, expenditure and income) - quarterly data",Q,Quarterly,CLV_I20,"Chain linked volumes, index 2020=100",SCA,Seasonally and calendar adjusted data,B1GQ,Gross domestic product at market prices,FR,France,1992-Q2,,69.517,,,,,
dataflow,ESTAT:NAMQ_10_GDP(1.0),"Gross domestic product (GDP) and main components (output, expenditure and income) - quarterly data",Q,Quarterly,CLV_I20,"Chain linked volumes, index 2020=100",SCA,Seasonally and calendar adjusted data,B1GQ,Gross domestic product at market prices,FR,France,1992-Q3,,69.437,,,,,
dataflow,ESTAT:NAMQ_10_GDP(1.0),"Gross domestic product (GDP) and main components (output, expenditure and income) - quarterly data",Q,Quarterly,CLV_I20,"Chain linked volumes, index 2020=100",SCA,Seasonally and calendar adjusted data,B1GQ,Gross domestic product at market prices,FR,France,1992-Q4,,69.450,,,,,
dataflow,ESTAT:NAMQ_10_GDP(1.0),"Gross domestic product (GDP) and main components (output, expenditure and income) - quarterly data",Q,Quarterly,CLV_I20,"Chain linked volumes, index 2020=100",SCA,Seasonally and calendar adjusted data,B1GQ,Gross domestic product at market prices,FR,France,1993-Q1,,69.075,,,,,
dataflow,ESTAT:NAMQ_10_GDP(1.0),"Gross domestic product (GDP) and main components (output, expenditure and income) - quarterly data",Q,Quarterly,CLV_I20,"Chain linked volumes, index 2020=100",SCA,Seasonally and calendar adjusted data,B1GQ,Gross domestic product at market prices,FR,France,1993-Q2,,69.078,,,,,
dataflow,ESTAT:NAMQ_10_GDP(1.0),"Gross domestic product (GDP) and main components (output, expenditure and income) - quarterly data",Q,Quarterly,CLV_I20,"Chain linked volumes, index 2020=100",SCA,Seasonally and calendar adjusted data,B1GQ,Gross domestic product at market prices,FR,France,1993-Q3,,69.163,,,,,
dataflow,ESTAT:NAMQ_10_GDP(1.0),"Gross domestic product (GDP) and main components (output, expenditure and income) - quarterly data",Q,Quarterly,CLV_I20,"Chain linked volumes, index 2020=100",SCA,Seasonally and calendar adjusted data,B1GQ,Gross domestic product at market prices,FR,France,1993-Q4,,69.345,,,,,
dataflow,ESTAT:NAMQ_10_GDP(1.0),"Gross domestic product (GDP) and main components (output, expenditure and income) - quarterly data",Q,Quarterly,CLV_I20,"Chain linked volumes, index 2020=100",SCA,Seasonally and calendar adjusted data,B1GQ,Gross domestic product at market prices,FR,France,1994-Q1,,69.816,,,,,
dataflow,ESTAT:NAMQ_10_GDP(1.0),"Gross domestic product (GDP) and main components (output, expenditure and income) - quarterly data",Q,Quarterly,CLV_I20,"Chain linked volumes, index 2020=100",SCA,Seasonally and calendar adjusted data,B1GQ,Gross domestic product at market prices,FR,France,1994-Q2,,70.516,,,,,
dataflow,ESTAT:NAMQ_10_GDP(1.0),"Gross domestic product (GDP) and main components (output, expenditure and income) - quarterly data",Q,Quarterly,CLV_I20,"Chain linked volumes, index 2020=100",SCA,Seasonally and calendar adjusted data,B1GQ,Gross domestic product at market prices,FR,France,1994-Q3,,71.153,,,,,
dataflow,ESTAT:NAMQ_10_GDP(1.0),"Gross domestic product (GDP) and main components (output, expenditure and income) - quarterly data",Q,Quarterly,CLV_I20,"Chain linked volumes, index 2020=100",SCA,Seasonally and calendar adjusted data,B1GQ,Gross domestic product at market prices,FR,France,1994-Q4,,71.824,,,,,
dataflow,ESTAT:NAMQ_10_GDP(1.0),"Gross domestic product (GDP) and main components (output, expenditure and income) - quarterly data",Q,Quarterly,CLV_I20,"Chain linked volumes, index 2020=100",SCA,Seasonally and calendar adjusted data,B1GQ,Gross domestic product at market prices,FR,France,1995-Q1,,72.163,,,,,
dataflow,ESTAT:NAMQ_10_GDP(1.0),"Gross domestic product (GDP) and main components (output, expenditure and income) - quarterly data",Q,Quarterly,CLV_I20,"Chain linked volumes, index 2020=100",SCA,Seasonally and calendar adjusted data,B1GQ,Gross domestic product at market prices,FR,France,1995-Q2,,72.637,,,,,
dataflow,ESTAT:NAMQ_10_GDP(1.0),"Gross domestic product (GDP) and main components (output, expenditure and income) - quarterly data",Q,Quarterly,CLV_I20,"Chain linked volumes, index 2020=100",SCA,Seasonally and calendar adjusted data,B1GQ,Gross domestic product at market prices,FR,France,1995-Q3,,72.750,,,,,
dataflow,ESTAT:NAMQ_10_GDP(1.0),"Gross domestic product (GDP) and main components (output, expenditure and income) - quarterly data",Q,Quarterly,CLV_I20,"Chain linked volumes, index 2020=100",SCA,Seasonally and calendar adjusted data,B1GQ,Gross domestic product at market prices,FR,France,1995-Q4,,72.721,,,,,
dataflow,ESTAT:NAMQ_10_GDP(1.0),"Gross domestic product (GDP) and main components (output, expenditure and income) - quarterly data",Q,Quarterly,CLV_I20,"Chain linked volumes, index 2020=100",SCA,Seasonally and calendar adjusted data,B1GQ,Gross domestic product at market prices,FR,France,1996-Q1,,73.227,,,,,
dataflow,ESTAT:NAMQ_10_GDP(1.0),"Gross domestic product (GDP) and main components (output, expenditure and income) - quarterly data",Q,Quarterly,CLV_I20,"Chain linked volumes, index 2020=100",SCA,Seasonally and calendar adjusted data,B1GQ,Gross domestic product at market prices,FR,France,1996-Q2,,73.368,,,,,
dataflow,ESTAT:NAMQ_10_GDP(1.0),"Gross domestic product (GDP) and main components (output, expenditure and income) - quarterly data",Q,Quarterly,CLV_I20,"Chain linked volumes, index 2020=100",SCA,Seasonally and calendar adjusted data,B1GQ,Gross domestic product at market prices,FR,France,1996-Q3,,73.651,,,,,
dataflow,ESTAT:NAMQ_10_GDP(1.0),"Gross domestic product (GDP) and main components (output, expenditure and income) - quarterly data",Q,Quarterly,CLV_I20,"Chain linked volumes, index 2020=100",SCA,Seasonally and calendar adjusted data,B1GQ,Gross domestic product at market prices,FR,France,1996-Q4,,73.935,,,,,
dataflow,ESTAT:NAMQ_10_GDP(1.0),"Gross domestic product (GDP) and main components (output, expenditure and income) - quarterly data",Q,Quarterly,CLV_I20,"Chain linked volumes, index 2020=100",SCA,Seasonally and calendar adjusted data,B1GQ,Gross domestic product at market prices,FR,France,1997-Q1,,74.250,,,,,
dataflow,ESTAT:NAMQ_10_GDP(1.0),"Gross domestic product (GDP) and main components (output, expenditure and income) - quarterly data",Q,Quarterly,CLV_I20,"Chain linked volumes, index 2020=100",SCA,Seasonally and calendar adjusted data,B1GQ,Gross domestic product at market prices,FR,France,1997-Q2,,75.029,,,,,
dataflow,ESTAT:NAMQ_10_GDP(1.0),"Gross domestic product (GDP) and main components (output, expenditure and income) - quarterly data",Q,Quarterly,CLV_I20,"Chain linked volumes, index 2020=100",SCA,Seasonally and calendar adjusted data,B1GQ,Gross domestic product at market prices,FR,France,1997-Q3,,75.776,,,,,
dataflow,ESTAT:NAMQ_10_GDP(1.0),"Gross domestic product (GDP) and main components (output, expenditure and income) - quarterly data",Q,Quarterly,CLV_I20,"Chain linked volumes, index 2020=100",SCA,Seasonally and calendar adjusted data,B1GQ,Gross domestic product at market prices,FR,France,1997-Q4,,76.524,,,,,
dataflow,ESTAT:NAMQ_10_GDP(1.0),"Gross domestic product (GDP) and main components (output, expenditure and income) - quarterly data",Q,Quarterly,CLV_I20,"Chain linked volumes, index 2020=100",SCA,Seasonally and calendar adjusted data,B1GQ,Gross domestic product at market prices,FR,France,1998-Q1,,77.258,,,,,
dataflow,ESTAT:NAMQ_10_GDP(1.0),"Gross domestic product (GDP) and main components (output, expenditure and income) - quarterly data",Q,Quarterly,CLV_I20,"Chain linked volumes, index 2020=100",SCA,Seasonally and calendar adjusted data,B1GQ,Gross domestic product at market prices,FR,France,1998-Q2,,77.811,,,,,
dataflow,ESTAT:NAMQ_10_GDP(1.0),"Gross domestic product (GDP) and main components (output, expenditure and income) - quarterly data",Q,Quarterly,CLV_I20,"Chain linked volumes, index 2020=100",SCA,Seasonally and calendar adjusted data,B1GQ,Gross domestic product at market prices,FR,France,1998-Q3,,78.214,,,,,
dataflow,ESTAT:NAMQ_10_GDP(1.0),"Gross domestic product (GDP) and main components (output, expenditure and income) - quarterly data",Q,Quarterly,CLV_I20,"Chain linked volumes, index 2020=100",SCA,Seasonally and calendar adjusted data,B1GQ,Gross domestic product at market prices,FR,France,1998-Q4,,78.750,,,,,
dataflow,ESTAT:NAMQ_10_GDP(1.0),"Gross domestic product (GDP) and main components (output, expenditure and income) - quarterly data",Q,Quarterly,CLV_I20,"Chain linked volumes, index 2020=100",SCA,Seasonally and calendar adjusted data,B1GQ,Gross domestic product at market prices,FR,France,1999-Q1,,79.292,,,,,
dataflow,ESTAT:NAMQ_10_GDP(1.0),"Gross domestic product (GDP) and main components (output, expenditure and income) - quarterly data",Q,Quarterly,CLV_I20,"Chain linked volumes, index 2020=100",SCA,Seasonally and calendar adjusted data,B1GQ,Gross domestic product at market prices,FR,France,1999-Q2,,79.806,,,,,
dataflow,ESTAT:NAMQ_10_GDP(1.0),"Gross domestic product (GDP) and main components (output, expenditure and income) - quarterly data",Q,Quarterly,CLV_I20,"Chain linked volumes, index 2020=100",SCA,Seasonally and calendar adjusted data,B1GQ,Gross domestic product at market prices,FR,France,1999-Q3,,80.981,,,,,
dataflow,ESTAT:NAMQ_10_GDP(1.0),"Gross domestic product (GDP) and main components (output, expenditure and income) - quarterly data",Q,Quarterly,CLV_I20,"Chain linked volumes, index 2020=100",SCA,Seasonally and calendar adjusted data,B1GQ,Gross domestic product at market prices,FR,France,1999-Q4,,82.128,,,,,
dataflow,ESTAT:NAMQ_10_GDP(1.0),"Gross domestic product (GDP) and main components (output, expenditure and income) - quarterly data",Q,Quarterly,CLV_I20,"Chain linked volumes, index 2020=100",SCA,Seasonally and calendar adjusted data,B1GQ,Gross domestic product at market prices,FR,France,2000-Q1,,82.927,,,,,
dataflow,ESTAT:NAMQ_10_GDP(1.0),"Gross domestic product (GDP) and main components (output, expenditure and income) - quarterly data",Q,Quarterly,CLV_I20,"Chain linked volumes, index 2020=100",SCA,Seasonally and calendar adjusted data,B1GQ,Gross domestic product at market prices,FR,France,2000-Q2,,83.845,,,,,
dataflow,ESTAT:NAMQ_10_GDP(1.0),"Gross domestic product (GDP) and main components (output, expenditure and income) - quarterly data",Q,Quarterly,CLV_I20,"Chain linked volumes, index 2020=100",SCA,Seasonally and calendar adjusted data,B1GQ,Gross domestic product at market prices,FR,France,2000-Q3,,84.495,,,,,
dataflow,ESTAT:NAMQ_10_GDP(1.0),"Gross domestic product (GDP) and main components (output, expenditure and income) - quarterly data",Q,Quarterly,CLV_I20,"Chain linked volumes, index 2020=100",SCA,Seasonally and calendar adjusted data,B1GQ,Gross domestic product at market prices,FR,France,2000-Q4,,85.009,,,,,
dataflow,ESTAT:NAMQ_10_GDP(1.0),"Gross domestic product (GDP) and main components (output, expenditure and income) - quarterly data",Q,Quarterly,CLV_I20,"Chain linked volumes, index 2020=100",SCA,Seasonally and calendar adjusted data,B1GQ,Gross domestic product at market prices,FR,France,2001-Q1,,85.450,,,,,
dataflow,ESTAT:NAMQ_10_GDP(1.0),"Gross domestic product (GDP) and main components (output, expenditure and income) - quarterly data",Q,Quarterly,CLV_I20,"Chain linked volumes, index 2020=100",SCA,Seasonally and calendar adjusted data,B1GQ,Gross domestic product at market prices,FR,France,2001-Q2,,85.470,,,,,
dataflow,ESTAT:NAMQ_10_GDP(1.0),"Gross domestic product (GDP) and main components (output, expenditure and income) - quarterly data",Q,Quarterly,CLV_I20,"Chain linked volumes, index 2020=100",SCA,Seasonally and calendar adjusted data,B1GQ,Gross domestic product at market prices,FR,France,2001-Q3,,85.963,,,,,
dataflow,ESTAT:NAMQ_10_GDP(1.0),"Gross domestic product (GDP) and main components (output, expenditure and income) - quarterly data",Q,Quarterly,CLV_I20,"Chain linked volumes, index 2020=100",SCA,Seasonally and calendar adjusted data,B1GQ,Gross domestic product at market prices,FR,France,2001-Q4,,85.588,,,,,
dataflow,ESTAT:NAMQ_10_GDP(1.0),"Gross domestic product (GDP) and main components (output, expenditure and income) - quarterly data",Q,Quarterly,CLV_I20,"Chain linked volumes, index 2020=100",SCA,Seasonally and calendar adjusted data,B1GQ,Gross domestic product at market prices,FR,France,2002-Q1,,86.077,,,,,
dataflow,ESTAT:NAMQ_10_GDP(1.0),"Gross domestic product (GDP) and main components (output, expenditure and income) - quarterly data",Q,Quarterly,CLV_I20,"Chain linked volumes, index 2020=100",SCA,Seasonally and calendar adjusted data,B1GQ,Gross domestic product at market prices,FR,France,2002-Q2,,86.481,,,,,
dataflow,ESTAT:NAMQ_10_GDP(1.0),"Gross domestic product (GDP) and main components (output, expenditure and income) - quarterly data",Q,Quarterly,CLV_I20,"Chain linked volumes, index 2020=100",SCA,Seasonally and calendar adjusted data,B1GQ,Gross domestic product at market prices,FR,France,2002-Q3,,86.842,,,,,
dataflow,ESTAT:NAMQ_10_GDP(1.0),"Gross domestic product (GDP) and main components (output, expenditure and income) - quarterly data",Q,Quarterly,CLV_I20,"Chain linked volumes, index 2020=100",SCA,Seasonally and calendar adjusted data,B1GQ,Gross domestic product at market prices,FR,France,2002-Q4,,86.918,,,,,
dataflow,ESTAT:NAMQ_10_GDP(1.0),"Gross domestic product (GDP) and main components (output, expenditure and income) - quarterly data",Q,Quarterly,CLV_I20,"Chain linked volumes, index 2020=100",SCA,Seasonally and calendar adjusted data,B1GQ,Gross domestic product at market prices,FR,France,2003-Q1,,87.181,,,,,
dataflow,ESTAT:NAMQ_10_GDP(1.0),"Gross domestic product (GDP) and main components (output, expenditure and income) - quarterly data",Q,Quarterly,CLV_I20,"Chain linked volumes, index 2020=100",SCA,Seasonally and calendar adjusted data,B1GQ,Gross domestic product at market prices,FR,France,2003-Q2,,86.793,,,,,
dataflow,ESTAT:NAMQ_10_GDP(1.0),"Gross domestic product (GDP) and main components (output, expenditure and income) - quarterly data",Q,Quarterly,CLV_I20,"Chain linked volumes, index 2020=100",SCA,Seasonally and calendar adjusted data,B1GQ,Gross domestic product at market prices,FR,France,2003-Q3,,87.735,,,,,
dataflow,ESTAT:NAMQ_10_GDP(1.0),"Gross domestic product (GDP) and main components (output, expenditure and income) - quarterly data",Q,Quarterly,CLV_I20,"Chain linked volumes, index 2020=100",SCA,Seasonally and calendar adjusted data,B1GQ,Gross domestic product at market prices,FR,France,2003-Q4,,88.038,,,,,
dataflow,ESTAT:NAMQ_10_GDP(1.0),"Gross domestic product (GDP) and main components (output, expenditure and income) - quarterly data",Q,Quarterly,CLV_I20,"Chain linked volumes, index 2020=100",SCA,Seasonally and calendar adjusted data,B1GQ,Gross domestic product at market prices,FR,France,2004-Q1,,88.995,,,,,
dataflow,ESTAT:NAMQ_10_GDP(1.0),"Gross domestic product (GDP) and main components (output, expenditure and income) - quarterly data",Q,Quarterly,CLV_I20,"Chain linked volumes, index 2020=100",SCA,Seasonally and calendar adjusted data,B1GQ,Gross domestic product at market prices,FR,France,2004-Q2,,89.383,,,,,
dataflow,ESTAT:NAMQ_10_GDP(1.0),"Gross domestic product (GDP) and main components (output, expenditure and income) - quarterly data",Q,Quarterly,CLV_I20,"Chain linked volumes, index 2020=100",SCA,Seasonally and calendar adjusted data,B1GQ,Gross domestic product at market prices,FR,France,2004-Q3,,89.701,,,,,
dataflow,ESTAT:NAMQ_10_GDP(1.0),"Gross domestic product (GDP) and main components (output, expenditure and income) - quarterly data",Q,Quarterly,CLV_I20,"Chain linked volumes, index 2020=100",SCA,Seasonally and calendar adjusted data,B1GQ,Gross domestic product at market prices,FR,France,2004-Q4,,90.497,,,,,
dataflow,ESTAT:NAMQ_10_GDP(1.0),"Gross domestic product (GDP) and main components (output, expenditure and income) - quarterly data",Q,Quarterly,CLV_I20,"Chain linked volumes, index 2020=100",SCA,Seasonally and calendar adjusted data,B1GQ,Gross domestic product at market prices,FR,France,2005-Q1,,90.775,,,,,
dataflow,ESTAT:NAMQ_10_GDP(1.0),"Gross domestic product (GDP) and main components (output, expenditure and income) - quarterly data",Q,Quarterly,CLV_I20,"Chain linked volumes, index 2020=100",SCA,Seasonally and calendar adjusted data,B1GQ,Gross domestic product at market prices,FR,France,2005-Q2,,90.967,,,,,
dataflow,ESTAT:NAMQ_10_GDP(1.0),"Gross domestic product (GDP) and main components (output, expenditure and income) - quarterly data",Q,Quarterly,CLV_I20,"Chain linked volumes, index 2020=100",SCA,Seasonally and calendar adjusted data,B1GQ,Gross domestic product at market prices,FR,France,2005-Q3,,91.657,,,,,
dataflow,ESTAT:NAMQ_10_GDP(1.0),"Gross domestic product (GDP) and main components (output, expenditure and income) - quarterly data",Q,Quarterly,CLV_I20,"Chain linked volumes, index 2020=100",SCA,Seasonally and calendar adjusted data,B1GQ,Gross domestic product at market prices,FR,France,2005-Q4,,92.293,,,,,
dataflow,ESTAT:NAMQ_10_GDP(1.0),"Gross domestic product (GDP) and main components (output, expenditure and income) - quarterly data",Q,Quarterly,CLV_I20,"Chain linked volumes, index 2020=100",SCA,Seasonally and calendar adjusted data,B1GQ,Gross domestic product at market prices,FR,France,2006-Q1,,93.104,,,,,
dataflow,ESTAT:NAMQ_10_GDP(1.0),"Gross domestic product (GDP) and main components (output, expenditure and income) - quarterly data",Q,Quarterly,CLV_I20,"Chain linked volumes, index 2020=100",SCA,Seasonally and calendar adjusted data,B1GQ,Gross domestic product at market prices,FR,France,2006-Q2,,94.218,,,,,
dataflow,ESTAT:NAMQ_10_GDP(1.0),"Gross domestic product (GDP) and main components (output, expenditure and income) - quarterly data",Q,Quarterly,CLV_I20,"Chain linked volumes, index 2020=100",SCA,Seasonally and calendar adjusted data,B1GQ,Gross domestic product at market prices,FR,France,2006-Q3,,94.283,,,,,
dataflow,ESTAT:NAMQ_10_GDP(1.0),"Gross domestic product (GDP) and main components (output, expenditure and income) - quarterly data",Q,Quarterly,CLV_I20,"Chain linked volumes, index 2020=100",SCA,Seasonally and calendar adjusted data,B1GQ,Gross domestic product at market prices,FR,France,2006-Q4,,94.804,,,,,
dataflow,ESTAT:NAMQ_10_GDP(1.0),"Gross domestic product (GDP) and main components (output, expenditure and income) - quarterly data",Q,Quarterly,CLV_I20,"Chain linked volumes, index 2020=100",SCA,Seasonally and calendar adjusted data,B1GQ,Gross domestic product at market prices,FR,France,2007-Q1,,95.793,,,,,
dataflow,ESTAT:NAMQ_10_GDP(1.0),"Gross domestic product (GDP) and main components (output, expenditure and income) - quarterly data",Q,Quarterly,CLV_I20,"Chain linked volumes, index 2020=100",SCA,Seasonally and calendar adjusted data,B1GQ,Gross domestic product at market prices,FR,France,2007-Q2,,96.414,,,,,
dataflow,ESTAT:NAMQ_10_GDP(1.0),"Gross domestic product (GDP) and main components (output, expenditure and income) - quarterly data",Q,Quarterly,CLV_I20,"Chain linked volumes, index 2020=100",SCA,Seasonally and calendar adjusted data,B1GQ,Gross domestic product at market prices,FR,France,2007-Q3,,96.721,,,,,
dataflow,ESTAT:NAMQ_10_GDP(1.0),"Gross domestic product (GDP) and main components (output, expenditure and income) - quarterly data",Q,Quarterly,CLV_I20,"Chain linked volumes, index 2020=100",SCA,Seasonally and calendar adjusted data,B1GQ,Gross domestic product at market prices,FR,France,2007-Q4,,96.830,,,,,
dataflow,ESTAT:NAMQ_10_GDP(1.0),"Gross domestic product (GDP) and main components (output, expenditure and income) - quarterly data",Q,Quarterly,CLV_I20,"Chain linked volumes, index 2020=100",SCA,Seasonally and calendar adjusted data,B1GQ,Gross domestic product at market prices,FR,France,2008-Q1,,97.671,,,,,
dataflow,ESTAT:NAMQ_10_GDP(1.0),"Gross domestic product (GDP) and main components (output, expenditure and income) - quarterly data",Q,Quarterly,CLV_I20,"Chain linked volumes, index 2020=100",SCA,Seasonally and calendar adjusted data,B1GQ,Gross domestic product at market prices,FR,France,2008-Q2,,96.932,,,,,
dataflow,ESTAT:NAMQ_10_GDP(1.0),"Gross domestic product (GDP) and main components (output, expenditure and income) - quarterly data",Q,Quarterly,CLV_I20,"Chain linked volumes, index 2020=100",SCA,Seasonally and calendar adjusted data,B1GQ,Gross domestic product at market prices,FR,France,2008-Q3,,96.694,,,,,
dataflow,ESTAT:NAMQ_10_GDP(1.0),"Gross domestic product (GDP) and main components (output, expenditure and income) - quarterly data",Q,Quarterly,CLV_I20,"Chain linked volumes, index 2020=100",SCA,Seasonally and calendar adjusted data,B1GQ,Gross domestic product at market prices,FR,France,2008-Q4,,95.475,,,,,
dataflow,ESTAT:NAMQ_10_GDP(1.0),"Gross domestic product (GDP) and main components (output, expenditure and income) - quarterly data",Q,Quarterly,CLV_I20,"Chain linked volumes, index 2020=100",SCA,Seasonally and calendar adjusted data,B1GQ,Gross domestic product at market prices,FR,France,2009-Q1,,93.686,,,,,
dataflow,ESTAT:NAMQ_10_GDP(1.0),"Gross domestic product (GDP) and main components (output, expenditure and income) - quarterly data",Q,Quarterly,CLV_I20,"Chain linked volumes, index 2020=100",SCA,Seasonally and calendar adjusted data,B1GQ,Gross domestic product at market prices,FR,France,2009-Q2,,93.846,,,,,
dataflow,ESTAT:NAMQ_10_GDP(1.0),"Gross domestic product (GDP) and main components (output, expenditure and income) - quarterly data",Q,Quarterly,CLV_I20,"Chain linked volumes, index 2020=100",SCA,Seasonally and calendar adjusted data,B1GQ,Gross domestic product at market prices,FR,France,2009-Q3,,93.996,,,,,
dataflow,ESTAT:NAMQ_10_GDP(1.0),"Gross domestic product (GDP) and main components (output, expenditure and income) - quarterly data",Q,Quarterly,CLV_I20,"Chain linked volumes, index 2020=100",SCA,Seasonally and calendar adjusted data,B1GQ,Gross domestic product at market prices,FR,France,2009-Q4,,94.683,,,,,
dataflow,ESTAT:NAMQ_10_GDP(1.0),"Gross domestic product (GDP) and main components (output, expenditure and income) - quarterly data",Q,Quarterly,CLV_I20,"Chain linked volumes, index 2020=100",SCA,Seasonally and calendar adjusted data,B1GQ,Gross domestic product at market prices,FR,France,2010-Q1,,94.995,,,,,
dataflow,ESTAT:NAMQ_10_GDP(1.0),"Gross domestic product (GDP) and main components (output, expenditure and income) - quarterly data",Q,Quarterly,CLV_I20,"Chain linked volumes, index 2020=100",SCA,Seasonally and calendar adjusted data,B1GQ,Gross domestic product at market prices,FR,France,2010-Q2,,95.432,,,,,
dataflow,ESTAT:NAMQ_10_GDP(1.0),"Gross domestic product (GDP) and main components (output, expenditure and income) - quarterly data",Q,Quarterly,CLV_I20,"Chain linked volumes, index 2020=100",SCA,Seasonally and calendar adjusted data,B1GQ,Gross domestic product at market prices,FR,France,2010-Q3,,96.054,,,,,
dataflow,ESTAT:NAMQ_10_GDP(1.0),"Gross domestic product (GDP) and main components (output, expenditure and income) - quarterly data",Q,Quarterly,CLV_I20,"Chain linked volumes, index 2020=100",SCA,Seasonally and calendar adjusted data,B1GQ,Gross domestic product at market prices,FR,France,2010-Q4,,96.647,,,,,
dataflow,ESTAT:NAMQ_10_GDP(1.0),"Gross domestic product (GDP) and main components (output, expenditure and income) - quarterly data",Q,Quarterly,CLV_I20,"Chain linked volumes, index 2020=100",SCA,Seasonally and calendar adjusted data,B1GQ,Gross domestic product at market prices,FR,France,2011-Q1,,97.912,,,,,
dataflow,ESTAT:NAMQ_10_GDP(1.0),"Gross domestic product (GDP) and main components (output, expenditure and income) - quarterly data",Q,Quarterly,CLV_I20,"Chain linked volumes, index 2020=100",SCA,Seasonally and calendar adjusted data,B1GQ,Gross domestic product at market prices,FR,France,2011-Q2,,97.918,,,,,
dataflow,ESTAT:NAMQ_10_GDP(1.0),"Gross domestic product (GDP) and main components (output, expenditure and income) - quarterly data",Q,Quarterly,CLV_I20,"Chain linked volumes, index 2020=100",SCA,Seasonally and calendar adjusted data,B1GQ,Gross domestic product at market prices,FR,France,2011-Q3,,98.224,,,,,
dataflow,ESTAT:NAMQ_10_GDP(1.0),"Gross domestic product (GDP) and main components (output, expenditure and income) - quarterly data",Q,Quarterly,CLV_I20,"Chain linked volumes, index 2020=100",SCA,Seasonally and calendar adjusted data,B1GQ,Gross domestic product at market prices,FR,France,2011-Q4,,98.589,,,,,
dataflow,ESTAT:NAMQ_10_GDP(1.0),"Gross domestic product (GDP) and main components (output, expenditure and income) - quarterly data",Q,Quarterly,CLV_I20,"Chain linked volumes, index 2020=100",SCA,Seasonally and calendar adjusted data,B1GQ,Gross domestic product at market prices,FR,France,2012-Q1,,98.537,,,,,
dataflow,ESTAT:NAMQ_10_GDP(1.0),"Gross domestic product (GDP) and main components (output, expenditure and income) - quarterly data",Q,Quarterly,CLV_I20,"Chain linked volumes, index 2020=100",SCA,Seasonally and calendar adjusted data,B1GQ,Gross domestic product at market prices,FR,France,2012-Q2,,98.138,,,,,
dataflow,ESTAT:NAMQ_10_GDP(1.0),"Gross domestic product (GDP) and main components (output, expenditure and income) - quarterly data",Q,Quarterly,CLV_I20,"Chain linked volumes, index 2020=100",SCA,Seasonally and calendar adjusted data,B1GQ,Gross domestic product at market prices,FR,France,2012-Q3,,98.437,,,,,
dataflow,ESTAT:NAMQ_10_GDP(1.0),"Gross domestic product (GDP) and main components (output, expenditure and income) - quarterly data",Q,Quarterly,CLV_I20,"Chain linked volumes, index 2020=100",SCA,Seasonally and calendar adjusted data,B1GQ,Gross domestic product at market prices,FR,France,2012-Q4,,98.430,,,,,
dataflow,ESTAT:NAMQ_10_GDP(1.0),"Gross domestic product (GDP) and main components (output, expenditure and income) - quarterly data",Q,Quarterly,CLV_I20,"Chain linked volumes, index 2020=100",SCA,Seasonally and calendar adjusted data,B1GQ,Gross domestic product at market prices,FR,France,2013-Q1,,98.611,,,,,
dataflow,ESTAT:NAMQ_10_GDP(1.0),"Gross domestic product (GDP) and main components (output, expenditure and income) - quarterly data",Q,Quarterly,CLV_I20,"Chain linked volumes, index 2020=100",SCA,Seasonally and calendar adjusted data,B1GQ,Gross domestic product at market prices,FR,France,2013-Q2,,99.476,,,,,
dataflow,ESTAT:NAMQ_10_GDP(1.0),"Gross domestic product (GDP) and main components (output, expenditure and income) - quarterly data",Q,Quarterly,CLV_I20,"Chain linked volumes, index 2020=100",SCA,Seasonally and calendar adjusted data,B1GQ,Gross domestic product at market prices,FR,France,2013-Q3,,99.243,,,,,
dataflow,ESTAT:NAMQ_10_GDP(1.0),"Gross domestic product (GDP) and main components (output, expenditure and income) - quarterly data",Q,Quarterly,CLV_I20,"Chain linked volumes, index 2020=100",SCA,Seasonally and calendar adjusted data,B1GQ,Gross domestic product at market prices,FR,France,2013-Q4,,99.858,,,,,
dataflow,ESTAT:NAMQ_10_GDP(1.0),"Gross domestic product (GDP) and main components (output, expenditure and income) - quarterly data",Q,Quarterly,CLV_I20,"Chain linked volumes, index 2020=100",SCA,Seasonally and calendar adjusted data,B1GQ,Gross domestic product at market prices,FR,France,2014-Q1,,99.854,,,,,
dataflow,ESTAT:NAMQ_10_GDP(1.0),"Gross domestic product (GDP) and main components (output, expenditure and income) - quarterly data",Q,Quarterly,CLV_I20,"Chain linked volumes, index 2020=100",SCA,Seasonally and calendar adjusted data,B1GQ,Gross domestic product at market prices,FR,France,2014-Q2,,100.097,,,,,
dataflow,ESTAT:NAMQ_10_GDP(1.0),"Gross domestic product (GDP) and main components (output, expenditure and income) - quarterly data",Q,Quarterly,CLV_I20,"Chain linked volumes, index 2020=100",SCA,Seasonally and calendar adjusted data,B1GQ,Gross domestic product at market prices,FR,France,2014-Q3,,100.740,,,,,
dataflow,ESTAT:NAMQ_10_GDP(1.0),"Gross domestic product (GDP) and main components (output, expenditure and income) - quarterly data",Q,Quarterly,CLV_I20,"Chain linked volumes, index 2020=100",SCA,Seasonally and calendar adjusted data,B1GQ,Gross domestic product at market prices,FR,France,2014-Q4,,100.466,,,,,
dataflow,ESTAT:NAMQ_10_GDP(1.0),"Gross domestic product (GDP) and main components (output, expenditure and income) - quarterly data",Q,Quarterly,CLV_I20,"Chain linked volumes, index 2020=100",SCA,Seasonally and calendar adjusted data,B1GQ,Gross domestic product at market prices,FR,France,2015-Q1,,101.049,,,,,
dataflow,ESTAT:NAMQ_10_GDP(1.0),"Gross domestic product (GDP) and main components (output, expenditure and income) - quarterly data",Q,Quarterly,CLV_I20,"Chain linked volumes, index 2020=100",SCA,Seasonally and calendar adjusted data,B1GQ,Gross domestic product at market prices,FR,France,2015-Q2,,101.113,,,,,
dataflow,ESTAT:NAMQ_10_GDP(1.0),"Gross domestic product (GDP) and main components (output, expenditure and income) - quarterly data",Q,Quarterly,CLV_I20,"Chain linked volumes, index 2020=100",SCA,Seasonally and calendar adjusted data,B1GQ,Gross domestic product at market prices,FR,France,2015-Q3,,101.374,,,,,
dataflow,ESTAT:NAMQ_10_GDP(1.0),"Gross domestic product (GDP) and main components (output, expenditure and income) - quarterly data",Q,Quarterly,CLV_I20,"Chain linked volumes, index 2020=100",SCA,Seasonally and calendar adjusted data,B1GQ,Gross domestic product at market prices,FR,France,2015-Q4,,101.625,,,,,
dataflow,ESTAT:NAMQ_10_GDP(1.0),"Gross domestic product (GDP) and main components (output, expenditure and income) - quarterly data",Q,Quarterly,CLV_I20,"Chain linked volumes, index 2020=100",SCA,Seasonally and calendar adjusted data,B1GQ,Gross domestic product at market prices,FR,France,2016-Q1,,101.944,,,,,
dataflow,ESTAT:NAMQ_10_GDP(1.0),"Gross domestic product (GDP) and main components (output, expenditure and income) - quarterly data",Q,Quarterly,CLV_I20,"Chain linked volumes, index 2020=100",SCA,Seasonally and calendar adjusted data,B1GQ,Gross domestic product at market prices,FR,France,2016-Q2,,101.759,,,,,
dataflow,ESTAT:NAMQ_10_GDP(1.0),"Gross domestic product (GDP) and main components (output, expenditure and income) - quarterly data",Q,Quarterly,CLV_I20,"Chain linked volumes, index 2020=100",SCA,Seasonally and calendar adjusted data,B1GQ,Gross domestic product at market prices,FR,France,2016-Q3,,101.896,,,,,
dataflow,ESTAT:NAMQ_10_GDP(1.0),"Gross domestic product (GDP) and main components (output, expenditure and income) - quarterly data",Q,Quarterly,CLV_I20,"Chain linked volumes, index 2020=100",SCA,Seasonally and calendar adjusted data,B1GQ,Gross domestic product at market prices,FR,France,2016-Q4,,102.540,,,,,
dataflow,ESTAT:NAMQ_10_GDP(1.0),"Gross domestic product (GDP) and main components (output, expenditure and income) - quarterly data",Q,Quarterly,CLV_I20,"Chain linked volumes, index 2020=100",SCA,Seasonally and calendar adjusted data,B1GQ,Gross domestic product at market prices,FR,France,2017-Q1,,103.233,,,,,
dataflow,ESTAT:NAMQ_10_GDP(1.0),"Gross domestic product (GDP) and main components (output, expenditure and income) - quarterly data",Q,Quarterly,CLV_I20,"Chain linked volumes, index 2020=100",SCA,Seasonally and calendar adjusted data,B1GQ,Gross domestic product at market prices,FR,France,2017-Q2,,104.020,,,,,
dataflow,ESTAT:NAMQ_10_GDP(1.0),"Gross domestic product (GDP) and main components (output, expenditure and income) - quarterly data",Q,Quarterly,CLV_I20,"Chain linked volumes, index 2020=100",SCA,Seasonally and calendar adjusted data,B1GQ,Gross domestic product at market prices,FR,France,2017-Q3,,104.758,,,,,
dataflow,ESTAT:NAMQ_10_GDP(1.0),"Gross domestic product (GDP) and main components (output, expenditure and income) - quarterly data",Q,Quarterly,CLV_I20,"Chain linked volumes, index 2020=100",SCA,Seasonally and calendar adjusted data,B1GQ,Gross domestic product at market prices,FR,France,2017-Q4,,105.391,,,,,
dataflow,ESTAT:NAMQ_10_GDP(1.0),"Gross domestic product (GDP) and main components (output, expenditure and income) - quarterly data",Q,Quarterly,CLV_I20,"Chain linked volumes, index 2020=100",SCA,Seasonally and calendar adjusted data,B1GQ,Gross domestic product at market prices,FR,France,2018-Q1,,105.352,,,,,
dataflow,ESTAT:NAMQ_10_GDP(1.0),"Gross domestic product (GDP) and main components (output, expenditure and income) - quarterly data",Q,Quarterly,CLV_I20,"Chain linked volumes, index 2020=100",SCA,Seasonally and calendar adjusted data,B1GQ,Gross domestic product at market prices,FR,France,2018-Q2,,105.623,,,,,
dataflow,ESTAT:NAMQ_10_GDP(1.0),"Gross domestic product (GDP) and main components (output, expenditure and income) - quarterly data",Q,Quarterly,CLV_I20,"Chain linked volumes, index 2020=100",SCA,Seasonally and calendar adjusted data,B1GQ,Gross domestic product at market prices,FR,France,2018-Q3,,106.136,,,,,
dataflow,ESTAT:NAMQ_10_GDP(1.0),"Gross domestic product (GDP) and main components (output, expenditure and income) - quarterly data",Q,Quarterly,CLV_I20,"Chain linked volumes, index 2020=100",SCA,Seasonally and calendar adjusted data,B1GQ,Gross domestic product at market prices,FR,France,2018-Q4,,106.927,,,,,
dataflow,ESTAT:NAMQ_10_GDP(1.0),"Gross domestic product (GDP) and main components (output, expenditure and income) - quarterly data",Q,Quarterly,CLV_I20,"Chain linked volumes, index 2020=100",SCA,Seasonally and calendar adjusted data,B1GQ,Gross domestic product at market prices,FR,France,2019-Q1,,107.922,,,,,
dataflow,ESTAT:NAMQ_10_GDP(1.0),"Gross domestic product (GDP) and main components (output, expenditure and income) - quarterly data",Q,Quarterly,CLV_I20,"Chain linked volumes, index 2020=100",SCA,Seasonally and calendar adjusted data,B1GQ,Gross domestic product at market prices,FR,France,2019-Q2,,108.515,,,,,
dataflow,ESTAT:NAMQ_10_GDP(1.0),"Gross domestic product (GDP) and main components (output, expenditure and income) - quarterly data",Q,Quarterly,CLV_I20,"Chain linked volumes, index 2020=100",SCA,Seasonally and calendar adjusted data,B1GQ,Gross domestic product at market prices,FR,France,2019-Q3,,108.506,,,,,
dataflow,ESTAT:NAMQ_10_GDP(1.0),"Gross domestic product (GDP) and main components (output, expenditure and income) - quarterly data",Q,Quarterly,CLV_I20,"Chain linked volumes, index 2020=100",SCA,Seasonally and calendar adjusted data,B1GQ,Gross domestic product at market prices,FR,France,2019-Q4,,107.971,,,,,
dataflow,ESTAT:NAMQ_10_GDP(1.0),"Gross domestic product (GDP) and main components (output, expenditure and income) - quarterly data",Q,Quarterly,CLV_I20,"Chain linked volumes, index 2020=100",SCA,Seasonally and calendar adjusted data,B1GQ,Gross domestic product at market prices,FR,France,2020-Q1,,102.522,,,,,
dataflow,ESTAT:NAMQ_10_GDP(1.0),"Gross domestic product (GDP) and main components (output, expenditure and income) - quarterly data",Q,Quarterly,CLV_I20,"Chain linked volumes, index 2020=100",SCA,Seasonally and calendar adjusted data,B1GQ,Gross domestic product at market prices,FR,France,2020-Q2,,89.983,,,,,
dataflow,ESTAT:NAMQ_10_GDP(1.0),"Gross domestic product (GDP) and main components (output, expenditure and income) - quarterly data",Q,Quarterly,CLV_I20,"Chain linked volumes, index 2020=100",SCA,Seasonally and calendar adjusted data,B1GQ,Gross domestic product at market prices,FR,France,2020-Q3,,103.800,,,,,
dataflow,ESTAT:NAMQ_10_GDP(1.0),"Gross domestic product (GDP) and main components (output, expenditure and income) - quarterly data",Q,Quarterly,CLV_I20,"Chain linked volumes, index 2020=100",SCA,Seasonally and calendar adjusted data,B1GQ,Gross domestic product at market prices,FR,France,2020-Q4,,103.695,,,,,
dataflow,ESTAT:NAMQ_10_GDP(1.0),"Gross domestic product (GDP) and main components (output, expenditure and income) - quarterly data",Q,Quarterly,CLV_I20,"Chain linked volumes, index 2020=100",SCA,Seasonally and calendar adjusted data,B1GQ,Gross domestic product at market prices,FR,France,2021-Q1,,104.127,,,,,
dataflow,ESTAT:NAMQ_10_GDP(1.0),"Gross domestic product (GDP) and main components (output, expenditure and income) - quarterly data",Q,Quarterly,CLV_I20,"Chain linked volumes, index 2020=100",SCA,Seasonally and calendar adjusted data,B1GQ,Gross domestic product at market prices,FR,France,2021-Q2,,105.382,,,,,
dataflow,ESTAT:NAMQ_10_GDP(1.0),"Gross domestic product (GDP) and main components (output, expenditure and income) - quarterly data",Q,Quarterly,CLV_I20,"Chain linked volumes, index 2020=100",SCA,Seasonally and calendar adjusted data,B1GQ,Gross domestic product at market prices,FR,France,2021-Q3,,108.539,,,,,
dataflow,ESTAT:NAMQ_10_GDP(1.0),"Gross domestic product (GDP) and main components (output, expenditure and income) - quarterly data",Q,Quarterly,CLV_I20,"Chain linked volumes, index 2020=100",SCA,Seasonally and calendar adjusted data,B1GQ,Gross domestic product at market prices,FR,France,2021-Q4,,109.133,,,,,
dataflow,ESTAT:NAMQ_10_GDP(1.0),"Gross domestic product (GDP) and main components (output, expenditure and income) - quarterly data",Q,Quarterly,CLV_I20,"Chain linked volumes, index 2020=100",SCA,Seasonally and calendar adjusted data,B1GQ,Gross domestic product at market prices,FR,France,2022-Q1,,109.040,,,,,
dataflow,ESTAT:NAMQ_10_GDP(1.0),"Gross domestic product (GDP) and main components (output, expenditure and income) - quarterly data",Q,Quarterly,CLV_I20,"Chain linked volumes, index 2020=100",SCA,Seasonally and calendar adjusted data,B1GQ,Gross domestic product at market prices,FR,France,2022-Q2,,109.497,,,,,
dataflow,ESTAT:NAMQ_10_GDP(1.0),"Gross domestic product (GDP) and main components (output, expenditure and income) - quarterly data",Q,Quarterly,CLV_I20,"Chain linked volumes, index 2020=100",SCA,Seasonally and calendar adjusted data,B1GQ,Gross domestic product at market prices,FR,France,2022-Q3,,110.099,,,,,
dataflow,ESTAT:NAMQ_10_GDP(1.0),"Gross domestic product (GDP) and main components (output, expenditure and income) - quarterly data",Q,Quarterly,CLV_I20,"Chain linked volumes, index 2020=100",SCA,Seasonally and calendar adjusted data,B1GQ,Gross domestic product at market prices,FR,France,2022-Q4,,110.493,,,,,
dataflow,ESTAT:NAMQ_10_GDP(1.0),"Gross domestic product (GDP) and main components (output, expenditure and income) - quarterly data",Q,Quarterly,CLV_I20,"Chain linked volumes, index 2020=100",SCA,Seasonally and calendar adjusted data,B1GQ,Gross domestic product at market prices,FR,France,2023-Q1,,110.577,,,,,
dataflow,ESTAT:NAMQ_10_GDP(1.0),"Gross domestic product (GDP) and main components (output, expenditure and income) - quarterly data",Q,Quarterly,CLV_I20,"Chain linked volumes, index 2020=100",SCA,Seasonally and calendar adjusted data,B1GQ,Gross domestic product at market prices,FR,France,2023-Q2,,111.558,,,,,
dataflow,ESTAT:NAMQ_10_GDP(1.0),"Gross domestic product (GDP) and main components (output, expenditure and income) - quarterly data",Q,Quarterly,CLV_I20,"Chain linked volumes, index 2020=100",SCA,Seasonally and calendar adjusted data,B1GQ,Gross domestic product at market prices,FR,France,2023-Q3,,111.819,,,,,
dataflow,ESTAT:NAMQ_10_GDP(1.0),"Gross domestic product (GDP) and main components (output, expenditure and income) - quarterly data",Q,Quarterly,CLV_I20,"Chain linked volumes, index 2020=100",SCA,Seasonally and calendar adjusted data,B1GQ,Gross domestic product at market prices,FR,France,2023-Q4,,112.291,,,,,
dataflow,ESTAT:NAMQ_10_GDP(1.0),"Gross domestic product (GDP) and main components (output, expenditure and income) - quarterly data",Q,Quarterly,CLV_I20,"Chain linked volumes, index 2020=100",SCA,Seasonally and calendar adjusted data,B1GQ,Gross domestic product at market prices,FR,France,2024-Q1,,112.413,,,,,
dataflow,ESTAT:NAMQ_10_GDP(1.0),"Gross domestic product (GDP) and main components (output, expenditure and income) - quarterly data",Q,Quarterly,CLV_I20,"Chain linked volumes, index 2020=100",SCA,Seasonally and calendar adjusted data,B1GQ,Gross domestic product at market prices,FR,France,2024-Q2,,112.649,,,,,
dataflow,ESTAT:NAMQ_10_GDP(1.0),"Gross domestic product (GDP) and main components (output, expenditure and income) - quarterly data",Q,Quarterly,CLV_I20,"Chain linked volumes, index 2020=100",SCA,Seasonally and calendar adjusted data,B1GQ,Gross domestic product at market prices,FR,France,2024-Q3,,113.077,,,,,
dataflow,ESTAT:NAMQ_10_GDP(1.0),"Gross domestic product (GDP) and main components (output, expenditure and income) - quarterly data",Q,Quarterly,CLV_I20,"Chain linked volumes, index 2020=100",SCA,Seasonally and calendar adjusted data,B1GQ,Gross domestic product at market prices,FR,France,2024-Q4,,113.045,,,,,
dataflow,ESTAT:NAMQ_10_GDP(1.0),"Gross domestic product (GDP) and main components (output, expenditure and income) - quarterly data",Q,Quarterly,CLV_I20,"Chain linked volumes, index 2020=100",SCA,Seasonally and calendar adjusted data,B1GQ,Gross domestic product at market prices,FR,France,2025-Q1,,113.186,,,,,
dataflow,ESTAT:NAMQ_10_GDP(1.0),"Gross domestic product (GDP) and main components (output, expenditure and income) - quarterly data",Q,Quarterly,CLV_I20,"Chain linked volumes, index 2020=100",SCA,Seasonally and calendar adjusted data,B1GQ,Gross domestic product at market prices,FR,France,2025-Q2,,113.567,,,,,
dataflow,ESTAT:NAMQ_10_GDP(1.0),"Gross domestic product (GDP) and main components (output, expenditure and income) - quarterly data",Q,Quarterly,CLV_I20,"Chain linked volumes, index 2020=100",SCA,Seasonally and calendar adjusted data,B1GQ,Gross domestic product at market prices,FR,France,2025-Q3,,114.185,,,,,
dataflow,ESTAT:NAMQ_10_GDP(1.0),"Gross domestic product (GDP) and main components (output, expenditure and income) - quarterly data",Q,Quarterly,CLV_I20,"Chain linked volumes, index 2020=100",SCA,Seasonally and calendar adjusted data,B1GQ,Gross domestic product at market prices,FR,France,2025-Q4,,114.433,,,,,
