STRUCTURE,STRUCTURE_ID,STRUCTURE_NAME,ACTION,REF_AREA,Reference area,MEASURE,Measure,UNIT_MEASURE,Unit of measure,TRANSFORMATION,Transformation,ADJUSTMENT,Adjustment,SEX,Sex,AGE,Age,ACTIVITY,Economic activity,FREQ,Frequency of observation,TIME_PERIOD,Time period,OBS_VALUE,Observation value,BASE_PER,Base period,OBS_STATUS,Observation status,UNIT_MULT,Unit multiplier,DECIMALS,Decimals
DATAFLOW,OECD.SDD.TPS:DSD_LFS@DF_IALFS_UNE_M(1.0),Monthly unemployment rates,I,FRA,France,UNE_LF_M,Monthly unemployment rate,PT_LF_SUB,Percentage of labour force in the same subgroup,_Z,Not applicable,Y,Calendar and seasonally adjusted,_T,Total,Y_GE15,15 years or over,_Z,Not applicable,Q,Quarterly,1983-Q1,,6.833333,,,,A,Normal value,0,Units,1,One
DATAFLOW,OECD.SDD.TPS:DSD_LFS@DF_IALFS_UNE_M(1.0),Monthly unemployment rates,I,FRA,France,UNE_LF_M,Monthly unemployment rate,PT_LF_SUB,Percentage of labour force in the same subgroup,_Z,Not applicable,Y,Calendar and seasonally adjusted,_T,Total,Y_GE15,15 years or over,_Z,Not applicable,Q,Quarterly,1983-Q2,,7.2,,,,A,Normal value,0,Units,1,One
DATAFLOW,OECD.SDD.TPS:DSD_LFS@DF_IALFS_UNE_M(1.0),Monthly unemployment rates,I,FRA,France,UNE_LF_M,Monthly unemployment rate,PT_LF_SUB,Percentage of labour force in the same subgroup,_Z,Not applicable,Y,Calendar and seasonally adjusted,_T,Total,Y_GE15,15 years or over,_Z,Not applicable,Q,Quarterly,1983-Q3,,7.6,,,,A,Normal value,0,Units,1,One
DATAFLOW,OECD.SDD.TPS:DSD_LFS@DF_IALFS_UNE_M(1.0),Monthly unemployment rates,I,FRA,France,UNE_LF_M,Monthly unemployment rate,PT_LF_SUB,Percentage of labour force in the same subgroup,_Z,Not applicable,Y,Calendar and seasonally adjusted,_T,Total,Y_GE15,15 years or over,_Z,Not applicable,Q,Quarterly,1983-Q4,,7.9,,,,A,Normal value,0,Units,1,One
DATAFLOW,OECD.SDD.TPS:DSD_LFS@DF_IALFS_UNE_M(1.0),Monthly unemployment rates,I,FRA,France,UNE_LF_M,Monthly unemployment rate,PT_LF_SUB,Percentage of labour force in the same subgroup,_Z,Not applicable,Y,Calendar and seasonally adjusted,_T,Total,Y_GE15,15 years or over,_Z,Not applicable,Q,Quarterly,1984-Q1,,8.133333,,,,A,Normal value,0,Units,1,One
DATAFLOW,OECD.SDD.TPS:DSD_LFS@DF_IALFS_UNE_M(1.0),Monthly unemployment rates,I,FRA,France,UNE_LF_M,Monthly unemployment rate,PT_LF_SUB,Percentage of labour force in the same subgroup,_Z,Not applicable,Y,Calendar and seasonally adjusted,_T,Total,Y_GE15,15 years or over,_Z,Not applicable,Q,Quarterly,1984-Q2,,8.366667,,,,A,Normal value,0,Units,1,One
DATAFLOW,OECD.SDD.TPS:DSD_LFS@DF_IALFS_UNE_M(1.0),Monthly unemployment rates,I,FRA,France,UNE_LF_M,Monthly unemployment rate,PT_LF_SUB,Percentage of labour force in the same subgroup,_Z,Not applicable,Y,Calendar and seasonally adjusted,_T,Total,Y_GE15,15 years or over,_Z,Not applicable,Q,Quarterly,1984-Q3,,8.566667,,,,A,Normal value,0,Units,1,One
DATAFLOW,OECD.SDD.TPS:DSD_LFS@DF_IALFS_UNE_M(1.0),Monthly unemployment rates,I,FRA,France,UNE_LF_M,Monthly unemployment rate,PT_LF_SUB,Percentage of labour force in the same subgroup,_Z,Not applicable,Y,Calendar and seasonally adjusted,_T,Total,Y_GE15,15 years or over,_Z,Not applicable,Q,Quarterly,1984-Q4,,8.766666,,,,A,Normal value,0,Units,1,One
DATAFLOW,OECD.SDD.TPS:DSD_LFS@DF_IALFS_UNE_M(1.0),Monthly unemployment rates,I,FRA,France,UNE_LF_M,Monthly unemployment rate,PT_LF_SUB,Percentage of labour force in the same subgroup,_Z,Not applicable,Y,Calendar and seasonally adjusted,_T,Total,Y_GE15,15 years or over,_Z,Not applicable,Q,Quarterly,1985-Q1,,8.7,,,,A,Normal value,0,Units,1,One
DATAFLOW,OECD.SDD.TPS:DSD_LFS@DF_IALFS_UNE_M(1.0),Monthly unemployment rates,I,FRA,France,UNE_LF_M,Monthly unemployment rate,PT_LF_SUB,Percentage of labour force in the same subgroup,_Z,Not applicable,Y,Calendar and seasonally adjusted,_T,Total,Y_GE15,15 years or over,_Z,Not applicable,Q,Quarterly,1985-Q2,,8.7,,,,A,Normal value,0,Units,1,One
DATAFLOW,OECD.SDD.TPS:DSD_LFS@DF_IALFS_UNE_M(1.0),Monthly unemployment rates,I,FRA,France,UNE_LF_M,Monthly unemployment rate,PT_LF_SUB,Percentage of labour force in the same subgroup,_Z,Not applicable,Y,Calendar and seasonally adjusted,_T,Total,Y_GE15,15 years or over,_Z,Not applicable,Q,Quarterly,1985-Q3,,8.7,,,,A,Normal value,0,Units,1,One
DATAFLOW,OECD.SDD.TPS:DSD_LFS@DF_IALFS_UNE_M(1.0),Monthly unemployment rates,I,FRA,France,UNE_LF_M,Monthly unemployment rate,PT_LF_SUB,Percentage of labour force in the same subgroup,_Z,Not applicable,Y,Calendar and seasonally adjusted,_T,Total,Y_GE15,15 years or over,_Z,Not applicable,Q,Quarterly,1985-Q4,,8.7,,,,A,Normal value,0,Units,1,One
DATAFLOW,OECD.SDD.TPS:DSD_LFS@DF_IALFS_UNE_M(1.0),Monthly unemployment rates,I,FRA,France,UNE_LF_M,Monthly unemployment rate,PT_LF_SUB,Percentage of labour force in the same subgroup,_Z,Not applicable,Y,Calendar and seasonally adjusted,_T,Total,Y_GE15,15 years or over,_Z,Not applicable,Q,Quarterly,1986-Q1,,8.6,,,,A,Normal value,0,Units,1,One
DATAFLOW,OECD.SDD.TPS:DSD_LFS@DF_IALFS_UNE_M(1.0),Monthly unemployment rates,I,FRA,France,UNE_LF_M,Monthly unemployment rate,PT_LF_SUB,Percentage of labour force in the same subgroup,_Z,Not applicable,Y,Calendar and seasonally adjusted,_T,Total,Y_GE15,15 years or over,_Z,Not applicable,Q,Quarterly,1986-Q2,,8.766666,,,,A,Normal value,0,Units,1,One
DATAFLOW,OECD.SDD.TPS:DSD_LFS@DF_IALFS_UNE_M(1.0),Monthly unemployment rates,I,FRA,France,UNE_LF_M,Monthly unemployment rate,PT_LF_SUB,Percentage of labour force in the same subgroup,_Z,Not applicable,Y,Calendar and seasonally adjusted,_T,Total,Y_GE15,15 years or over,_Z,Not applicable,Q,Quarterly,1986-Q3,,8.933333,,,,A,Normal value,0,Units,1,One
DATAFLOW,OECD.SDD.TPS:DSD_LFS@DF_IALFS_UNE_M(1.0),Monthly unemployment rates,I,FRA,France,UNE_LF_M,Monthly unemployment rate,PT_LF_SUB,Percentage of labour force in the same subgroup,_Z,Not applicable,Y,Calendar and seasonally adjusted,_T,Total,Y_GE15,15 years or over,_Z,Not applicable,Q,Quarterly,1986-Q4,,9.2,,,,A,Normal value,0,Units,1,One
DATAFLOW,OECD.SDD.TPS:DSD_LFS@DF_IALFS_UNE_M(1.0),Monthly unemployment rates,I,FRA,France,UNE_LF_M,Monthly unemployment rate,PT_LF_SUB,Percentage of labour force in the same subgroup,_Z,Not applicable,Y,Calendar and seasonally adjusted,_T,Total,Y_GE15,15 years or over,_Z,Not applicable,Q,Quarterly,1987-Q1,,9.266666,,,,A,Normal value,0,Units,1,One
DATAFLOW,OECD.SDD.TPS:DSD_LFS@DF_IALFS_UNE_M(1.0),Monthly unemployment rates,I,FRA,France,UNE_LF_M,Monthly unemployment rate,PT_LF_SUB,Percentage of labour force in the same subgroup,_Z,Not applicable,Y,Calendar and seasonally adjusted,_T,Total,Y_GE15,15 years or over,_Z,Not applicable,Q,Quarterly,1987-Q2,,9.166667,,,,A,Normal value,0,Units,1,One
DATAFLOW,OECD.SDD.TPS:DSD_LFS@DF_IALFS_UNE_M(1.0),Monthly unemployment rates,I,FRA,France,UNE_LF_M,Monthly unemployment rate,PT_LF_SUB,Percentage of labour force in the same subgroup,_Z,Not applicable,Y,Calendar and seasonally adjusted,_T,Total,Y_GE15,15 years or over,_Z,Not applicable,Q,Quarterly,1987-Q3,,9.1,,,,A,Normal value,0,Units,1,One
DATAFLOW,OECD.SDD.TPS:DSD_LFS@DF_IALFS_UNE_M(1.0),Monthly unemployment rates,I,FRA,France,UNE_LF_M,Monthly unemployment rate,PT_LF_SUB,Percentage of labour force in the same subgroup,_Z,Not applicable,Y,Calendar and seasonally adjusted,_T,Total,Y_GE15,15 years or over,_Z,Not applicable,Q,Quarterly,1987-Q4,,9.066667,,,,A,Normal value,0,Units,1,One
DATAFLOW,OECD.SDD.TPS:DSD_LFS@DF_IALFS_UNE_M(1.0),Monthly unemployment rates,I,FRA,France,UNE_LF_M,Monthly unemployment rate,PT_LF_SUB,Percentage of labour force in the same subgroup,_Z,Not applicable,Y,Calendar and seasonally adjusted,_T,Total,Y_GE15,15 years or over,_Z,Not applicable,Q,Quarterly,1988-Q1,,8.9,,,,A,Normal value,0,Units,1,One
DATAFLOW,OECD.SDD.TPS:DSD_LFS@DF_IALFS_UNE_M(1.0),Monthly unemployment rates,I,FRA,France,UNE_LF_M,Monthly unemployment rate,PT_LF_SUB,Percentage of labour force in the same subgroup,_Z,Not applicable,Y,Calendar and seasonally adjusted,_T,Total,Y_GE15,15 years or over,_Z,Not applicable,Q,Quarterly,1988-Q2,,8.833333,,,,A,Normal value,0,Units,1,One
DATAFLOW,OECD.SDD.TPS:DSD_LFS@DF_IALFS_UNE_M(1.0),Monthly unemployment rates,I,FRA,France,UNE_LF_M,Monthly unemployment rate,PT_LF_SUB,Percentage of labour force in the same subgroup,_Z,Not applicable,Y,Calendar and seasonally adjusted,_T,Total,Y_GE15,15 years or over,_Z,Not applicable,Q,Quarterly,1988-Q3,,8.8,,,,A,Normal value,0,Units,1,One
DATAFLOW,OECD.SDD.TPS:DSD_LFS@DF_IALFS_UNE_M(1.0),Monthly unemployment rates,I,FRA,France,UNE_LF_M,Monthly unemployment rate,PT_LF_SUB,Percentage of labour force in the same subgroup,_Z,Not applicable,Y,Calendar and seasonally adjusted,_T,Total,Y_GE15,15 years or over,_Z,Not applicable,Q,Quarterly,1988-Q4,,8.833333,,,,A,Normal value,0,Units,1,One
DATAFLOW,OECD.SDD.TPS:DSD_LFS@DF_IALFS_UNE_M(1.0),Monthly unemployment rates,I,FRA,France,UNE_LF_M,Monthly unemployment rate,PT_LF_SUB,Percentage of labour force in the same subgroup,_Z,Not applicable,Y,Calendar and seasonally adjusted,_T,Total,Y_GE15,15 years or over,_Z,Not applicable,Q,Quarterly,1989-Q1,,8.733334,,,,A,Normal value,0,Units,1,One
DATAFLOW,OECD.SDD.TPS:DSD_LFS@DF_IALFS_UNE_M(1.0),Monthly unemployment rates,I,FRA,France,UNE_LF_M,Monthly unemployment rate,PT_LF_SUB,Percentage of labour force in the same subgroup,_Z,Not applicable,Y,Calendar and seasonally adjusted,_T,Total,Y_GE15,15 years or over,_Z,Not applicable,Q,Quarterly,1989-Q2,,8.7,,,,A,Normal value,0,Units,1,One
DATAFLOW,OECD.SDD.TPS:DSD_LFS@DF_IALFS_UNE_M(1.0),Monthly unemployment rates,I,FRA,France,UNE_LF_M,Monthly unemployment rate,PT_LF_SUB,Percentage of labour force in the same subgroup,_Z,Not applicable,Y,Calendar and seasonally adjusted,_T,Total,Y_GE15,15 years or over,_Z,Not applicable,Q,Quarterly,1989-Q3,,8.7,,,,A,Normal value,0,Units,1,One
DATAFLOW,OECD.SDD.TPS:DSD_LFS@DF_IALFS_UNE_M(1.0),Monthly unemployment rates,I,FRA,France,UNE_LF_M,Monthly unemployment rate,PT_LF_SUB,Percentage of labour force in the same subgroup,_Z,Not applicable,Y,Calendar and seasonally adjusted,_T,Total,Y_GE15,15 years or over,_Z,Not applicable,Q,Quarterly,1989-Q4,,8.666667,,,,A,Normal value,0,Units,1,One
DATAFLOW,OECD.SDD.TPS:DSD_LFS@DF_IALFS_UNE_M(1.0),Monthly unemployment rates,I,FRA,France,UNE_LF_M,Monthly unemployment rate,PT_LF_SUB,Percentage of labour force in the same subgroup,_Z,Not applicable,Y,Calendar and seasonally adjusted,_T,Total,Y_GE15,15 years or over,_Z,Not applicable,Q,Quarterly,1990-Q1,,8.533334,,,,A,Normal value,0,Units,1,One
DATAFLOW,OECD.SDD.TPS:DSD_LFS@DF_IALFS_UNE_M(1.0),Monthly unemployment rates,I,FRA,France,UNE_LF_M,Monthly unemployment rate,PT_LF_SUB,Percentage of labour force in the same subgroup,_Z,Not applicable,Y,Calendar and seasonally adjusted,_T,Total,Y_GE15,15 years or over,_Z,Not applicable,Q,Quarterly,1990-Q2,,8.433333,,,,A,Normal value,0,Units,1,One
DATAFLOW,OECD.SDD.TPS:DSD_LFS@DF_IALFS_UNE_M(1.0),Monthly unemployment rates,I,FRA,France,UNE_LF_M,Monthly unemployment rate,PT_LF_SUB,Percentage of labour force in the same subgroup,_Z,Not applicable,Y,Calendar and seasonally adjusted,_T,Total,Y_GE15,15 years or over,_Z,Not applicable,Q,Quarterly,1990-Q3,,8.333333,,,,A,Normal value,0,Units,1,One
DATAFLOW,OECD.SDD.TPS:DSD_LFS@DF_IALFS_UNE_M(1.0),Monthly unemployment rates,I,FRA,France,UNE_LF_M,Monthly unemployment rate,PT_LF_SUB,Percentage of labour force in the same subgroup,_Z,Not applicable,Y,Calendar and seasonally adjusted,_T,Total,Y_GE15,15 years or over,_Z,Not applicable,Q,Quarterly,1990-Q4,,8.3,,,,A,Normal value,0,Units,1,One
DATAFLOW,OECD.SDD.TPS:DSD_LFS@DF_IALFS_UNE_M(1.0),Monthly unemployment rates,I,FRA,France,UNE_LF_M,Monthly unemployment rate,PT_LF_SUB,Percentage of labour force in the same subgroup,_Z,Not applicable,Y,Calendar and seasonally adjusted,_T,Total,Y_GE15,15 years or over,_Z,Not applicable,Q,Quarterly,1991-Q1,,8.3,,,,A,Normal value,0,Units,1,One
DATAFLOW,OECD.SDD.TPS:DSD_LFS@DF_IALFS_UNE_M(1.0),Monthly unemployment rates,I,FRA,France,UNE_LF_M,Monthly unemployment rate,PT_LF_SUB,Percentage of labour force in the same subgroup,_Z,Not applicable,Y,Calendar and seasonally adjusted,_T,Total,Y_GE15,15 years or over,_Z,Not applicable,Q,Quarterly,1991-Q2,,8.466666,,,,A,Normal value,0,Units,1,One
DATAFLOW,OECD.SDD.TPS:DSD_LFS@DF_IALFS_UNE_M(1.0),Monthly unemployment rates,I,FRA,France,UNE_LF_M,Monthly unemployment rate,PT_LF_SUB,Percentage of labour force in the same subgroup,_Z,Not applicable,Y,Calendar and seasonally adjusted,_T,Total,Y_GE15,15 years or over,_Z,Not applicable,Q,Quarterly,1991-Q3,,8.7,,,,A,Normal value,0,Units,1,One
DATAFLOW,OECD.SDD.TPS:DSD_LFS@DF_IALFS_UNE_M(1.0),Monthly unemployment rates,I,FRA,France,UNE_LF_M,Monthly unemployment rate,PT_LF_SUB,Percentage of labour force in the same subgroup,_Z,Not applicable,Y,Calendar and seasonally adjusted,_T,Total,Y_GE15,15 years or over,_Z,Not applicable,Q,Quarterly,1991-Q4,,9,,,,A,Normal value,0,Units,1,One
DATAFLOW,OECD.SDD.TPS:DSD_LFS@DF_IALFS_UNE_M(1.0),Monthly unemployment rates,I,FRA,France,UNE_LF_M,Monthly unemployment rate,PT_LF_SUB,Percentage of labour force in the same subgroup,_Z,Not applicable,Y,Calendar and seasonally adjusted,_T,Total,Y_GE15,15 years or over,_Z,Not applicable,Q,Quarterly,1992-Q1,,9.2,,,,A,Normal value,0,Units,1,One
DATAFLOW,OECD.SDD.TPS:DSD_LFS@DF_IALFS_UNE_M(1.0),Monthly unemployment rates,I,FRA,France,UNE_LF_M,Monthly unemployment rate,PT_LF_SUB,Percentage of labour force in the same subgroup,_Z,Not applicable,Y,Calendar and seasonally adjusted,_T,Total,Y_GE15,15 years or over,_Z,Not applicable,Q,Quarterly,1992-Q2,,9.366667,,,,A,Normal value,0,Units,1,One
DATAFLOW,OECD.SDD.TPS:DSD_LFS@DF_IALFS_UNE_M(1.0),Monthly unemployment rates,I,FRA,France,UNE_LF_M,Monthly unemployment rate,PT_LF_SUB,Percentage of labour force in the same subgroup,_Z,Not applicable,Y,Calendar and seasonally adjusted,_T,Total,Y_GE15,15 years or over,_Z,Not applicable,Q,Quarterly,1992-Q3,,9.5,,,,A,Normal value,0,Units,1,One
DATAFLOW,OECD.SDD.TPS:DSD_LFS@DF_IALFS_UNE_M(1.0),Monthly unemployment rates,I,FRA,France,UNE_LF_M,Monthly unemployment rate,PT_LF_SUB,Percentage of labour force in the same subgroup,_Z,Not applicable,Y,Calendar and seasonally adjusted,_T,Total,Y_GE15,15 years or over,_Z,Not applicable,Q,Quarterly,1992-Q4,,9.7,,,,A,Normal value,0,Units,1,One
DATAFLOW,OECD.SDD.TPS:DSD_LFS@DF_IALFS_UNE_M(1.0),Monthly unemployment rates,I,FRA,France,UNE_LF_M,Monthly unemployment rate,PT_LF_SUB,Percentage of labour force in the same subgroup,_Z,Not applicable,Y,Calendar and seasonally adjusted,_T,Total,Y_GE15,15 years or over,_Z,Not applicable,Q,Quarterly,1993-Q1,,9.866667,,,,A,Normal value,0,Units,1,One
DATAFLOW,OECD.SDD.TPS:DSD_LFS@DF_IALFS_UNE_M(1.0),Monthly unemployment rates,I,FRA,France,UNE_LF_M,Monthly unemployment rate,PT_LF_SUB,Percentage of labour force in the same subgroup,_Z,Not applicable,Y,Calendar and seasonally adjusted,_T,Total,Y_GE15,15 years or over,_Z,Not applicable,Q,Quarterly,1993-Q2,,10.13333,,,,A,Normal value,0,Units,1,One
DATAFLOW,OECD.SDD.TPS:DSD_LFS@DF_IALFS_UNE_M(1.0),Monthly unemployment rates,I,FRA,France,UNE_LF_M,Monthly unemployment rate,PT_LF_SUB,Percentage of labour force in the same subgroup,_Z,Not applicable,Y,Calendar and seasonally adjusted,_T,Total,Y_GE15,15 years or over,_Z,Not applicable,Q,Quarterly,1993-Q3,,10.4,,,,A,Normal value,0,Units,1,One
DATAFLOW,OECD.SDD.TPS:DSD_LFS@DF_IALFS_UNE_M(1.0),Monthly unemployment rates,I,FRA,France,UNE_LF_M,Monthly unemployment rate,PT_LF_SUB,Percentage of labour force in the same subgroup,_Z,Not applicable,Y,Calendar and seasonally adjusted,_T,Total,Y_GE15,15 years or over,_Z,Not applicable,Q,Quarterly,1993-Q4,,10.66667,,,,A,Normal value,0,Units,1,One
DATAFLOW,OECD.SDD.TPS:DSD_LFS@DF_IALFS_UNE_M(1.0),Monthly unemployment rates,I,FRA,France,UNE_LF_M,Monthly unemployment rate,PT_LF_SUB,Percentage of labour force in the same subgroup,_Z,Not applicable,Y,Calendar and seasonally adjusted,_T,Total,Y_GE15,15 years or over,_Z,Not applicable,Q,Quarterly,1994-Q1,,10.8,,,,A,Normal value,0,Units,1,One
DATAFLOW,OECD.SDD.TPS:DSD_LFS@DF_IALFS_UNE_M(1.0),Monthly unemployment rates,I,FRA,France,UNE_LF_M,Monthly unemployment rate,PT_LF_SUB,Percentage of labour force in the same subgroup,_Z,Not applicable,Y,Calendar and seasonally adjusted,_T,Total,Y_GE15,15 years or over,_Z,Not applicable,Q,Quarterly,1994-Q2,,10.76667,,,,A,Normal value,0,Units,1,One
DATAFLOW,OECD.SDD.TPS:DSD_LFS@DF_IALFS_UNE_M(1.0),Monthly unemployment rates,I,FRA,France,UNE_LF_M,Monthly unemployment rate,PT_LF_SUB,Percentage of labour force in the same subgroup,_Z,Not applicable,Y,Calendar and seasonally adjusted,_T,Total,Y_GE15,15 years or over,_Z,Not applicable,Q,Quarterly,1994-Q3,,10.63333,,,,A,Normal value,0,Units,1,One
DATAFLOW,OECD.SDD.TPS:DSD_LFS@DF_IALFS_UNE_M(1.0),Monthly unemployment rates,I,FRA,France,UNE_LF_M,Monthly unemployment rate,PT_LF_SUB,Percentage of labour force in the same subgroup,_Z,Not applicable,Y,Calendar and seasonally adjusted,_T,Total,Y_GE15,15 years or over,_Z,Not applicable,Q,Quarterly,1994-Q4,,10.46667,,,,A,Normal value,0,Units,1,One
DATAFLOW,OECD.SDD.TPS:DSD_LFS@DF_IALFS_UNE_M(1.0),Monthly unemployment rates,I,FRA,France,UNE_LF_M,Monthly unemployment rate,PT_LF_SUB,Percentage of labour force in the same subgroup,_Z,Not applicable,Y,Calendar and seasonally adjusted,_T,Total,Y_GE15,15 years or over,_Z,Not applicable,Q,Quarterly,1995-Q1,,10.33333,,,,A,Normal value,0,Units,1,One
DATAFLOW,OECD.SDD.TPS:DSD_LFS@DF_IALFS_UNE_M(1.0),Monthly unemployment rates,I,FRA,France,UNE_LF_M,Monthly unemployment rate,PT_LF_SUB,Percentage of labour force in the same subgroup,_Z,Not applicable,Y,Calendar and seasonally adjusted,_T,Total,Y_GE15,15 years or over,_Z,Not applicable,Q,Quarterly,1995-Q2,,10.43333,,,,A,Normal value,0,Units,1,One
DATAFLOW,OECD.SDD.TPS:DSD_LFS@DF_IALFS_UNE_M(1.0),Monthly unemployment rates,I,FRA,France,UNE_LF_M,Monthly unemployment rate,PT_LF_SUB,Percentage of labour force in the same subgroup,_Z,Not applicable,Y,Calendar and seasonally adjusted,_T,Total,Y_GE15,15 years or over,_Z,Not applicable,Q,Quarterly,1995-Q3,,10.56667,,,,A,Normal value,0,Units,1,One
DATAFLOW,OECD.SDD.TPS:DSD_LFS@DF_IALFS_UNE_M(1.0),Monthly unemployment rates,I,FRA,France,UNE_LF_M,Monthly unemployment rate,PT_LF_SUB,Percentage of labour force in the same subgroup,_Z,Not applicable,Y,Calendar and seasonally adjusted,_T,Total,Y_GE15,15 years or over,_Z,Not applicable,Q,Quarterly,1995-Q4,,10.7,,,,A,Normal value,0,Units,1,One
DATAFLOW,OECD.SDD.TPS:DSD_LFS@DF_IALFS_UNE_M(1.0),Monthly unemployment rates,I,FRA,France,UNE_LF_M,Monthly unemployment rate,PT_LF_SUB,Percentage of labour force in the same subgroup,_Z,Not applicable,Y,Calendar and seasonally adjusted,_T,Total,Y_GE15,15 years or over,_Z,Not applicable,Q,Quarterly,1996-Q1,,10.7,,,,A,Normal value,0,Units,1,One
DATAFLOW,OECD.SDD.TPS:DSD_LFS@DF_IALFS_UNE_M(1.0),Monthly unemployment rates,I,FRA,France,UNE_LF_M,Monthly unemployment rate,PT_LF_SUB,Percentage of labour force in the same subgroup,_Z,Not applicable,Y,Calendar and seasonally adjusted,_T,Total,Y_GE15,15 years or over,_Z,Not applicable,Q,Quarterly,1996-Q2,,10.9,,,,A,Normal value,0,Units,1,One
DATAFLOW,OECD.SDD.TPS:DSD_LFS@DF_IALFS_UNE_M(1.0),Monthly unemployment rates,I,FRA,France,UNE_LF_M,Monthly unemployment rate,PT_LF_SUB,Percentage of labour force in the same subgroup,_Z,Not applicable,Y,Calendar and seasonally adjusted,_T,Total,Y_GE15,15 years or over,_Z,Not applicable,Q,Quarterly,1996-Q3,,10.9,,,,A,Normal value,0,Units,1,One
DATAFLOW,OECD.SDD.TPS:DSD_LFS@DF_IALFS_UNE_M(1.0),Monthly unemployment rates,I,FRA,France,UNE_LF_M,Monthly unemployment rate,PT_LF_SUB,Percentage of labour force in the same subgroup,_Z,Not applicable,Y,Calendar and seasonally adjusted,_T,Total,Y_GE15,15 years or over,_Z,Not applicable,Q,Quarterly,1996-Q4,,10.83333,,,,A,Normal value,0,Units,1,One
DATAFLOW,OECD.SDD.TPS:DSD_LFS@DF_IALFS_UNE_M(1.0),Monthly unemployment rates,I,FRA,France,UNE_LF_M,Monthly unemployment rate,PT_LF_SUB,Percentage of labour force in the same subgroup,_Z,Not applicable,Y,Calendar and seasonally adjusted,_T,Total,Y_GE15,15 years or over,_Z,Not applicable,Q,Quarterly,1997-Q1,,10.9,,,,A,Normal value,0,Units,1,One
DATAFLOW,OECD.SDD.TPS:DSD_LFS@DF_IALFS_UNE_M(1.0),Monthly unemployment rates,I,FRA,France,UNE_LF_M,Monthly unemployment rate,PT_LF_SUB,Percentage of labour force in the same subgroup,_Z,Not applicable,Y,Calendar and seasonally adjusted,_T,Total,Y_GE15,15 years or over,_Z,Not applicable,Q,Quarterly,1997-Q2,,10.93333,,,,A,Normal value,0,Units,1,One
DATAFLOW,OECD.SDD.TPS:DSD_LFS@DF_IALFS_UNE_M(1.0),Monthly unemployment rates,I,FRA,France,UNE_LF_M,Monthly unemployment rate,PT_LF_SUB,Percentage of labour force in the same subgroup,_Z,Not applicable,Y,Calendar and seasonally adjusted,_T,Total,Y_GE15,15 years or over,_Z,Not applicable,Q,Quarterly,1997-Q3,,10.9,,,,A,Normal value,0,Units,1,One
DATAFLOW,OECD.SDD.TPS:DSD_LFS@DF_IALFS_UNE_M(1.0),Monthly unemployment rates,I,FRA,France,UNE_LF_M,Monthly unemployment rate,PT_LF_SUB,Percentage of labour force in the same subgroup,_Z,Not applicable,Y,Calendar and seasonally adjusted,_T,Total,Y_GE15,15 years or over,_Z,Not applicable,Q,Quarterly,1997-Q4,,10.83333,,,,A,Normal value,0,Units,1,One
DATAFLOW,OECD.SDD.TPS:DSD_LFS@DF_IALFS_UNE_M(1.0),Monthly unemployment rates,I,FRA,France,UNE_LF_M,Monthly unemployment rate,PT_LF_SUB,Percentage of labour force in the same subgroup,_Z,Not applicable,Y,Calendar and seasonally adjusted,_T,Total,Y_GE15,15 years or over,_Z,Not applicable,Q,Quarterly,1998-Q1,,10.73333,,,,A,Normal value,0,Units,1,One
DATAFLOW,OECD.SDD.TPS:DSD_LFS@DF_IALFS_UNE_M(1.0),Monthly unemployment rates,I,FRA,France,UNE_LF_M,Monthly unemployment rate,PT_LF_SUB,Percentage of labour force in the same subgroup,_Z,Not applicable,Y,Calendar and seasonally adjusted,_T,Total,Y_GE15,15 years or over,_Z,Not applicable,Q,Quarterly,1998-Q2,,10.7,,,,A,Normal value,0,Units,1,One
DATAFLOW,OECD.SDD.TPS:DSD_LFS@DF_IALFS_UNE_M(1.0),Monthly unemployment rates,I,FRA,France,UNE_LF_M,Monthly unemployment rate,PT_LF_SUB,Percentage of labour force in the same subgroup,_Z,Not applicable,Y,Calendar and seasonally adjusted,_T,Total,Y_GE15,15 years or over,_Z,Not applicable,Q,Quarterly,1998-Q3,,10.63333,,,,A,Normal value,0,Units,1,One
DATAFLOW,OECD.SDD.TPS:DSD_LFS@DF_IALFS_UNE_M(1.0),Monthly unemployment rates,I,FRA,France,UNE_LF_M,Monthly unemployment rate,PT_LF_SUB,Percentage of labour force in the same subgroup,_Z,Not applicable,Y,Calendar and seasonally adjusted,_T,Total,Y_GE15,15 years or over,_Z,Not applicable,Q,Quarterly,1998-Q4,,10.7,,,,A,Normal value,0,Units,1,One
DATAFLOW,OECD.SDD.TPS:DSD_LFS@DF_IALFS_UNE_M(1.0),Monthly unemployment rates,I,FRA,France,UNE_LF_M,Monthly unemployment rate,PT_LF_SUB,Percentage of labour force in the same subgroup,_Z,Not applicable,Y,Calendar and seasonally adjusted,_T,Total,Y_GE15,15 years or over,_Z,Not applicable,Q,Quarterly,1999-Q1,,10.73333,,,,A,Normal value,0,Units,1,One
DATAFLOW,OECD.SDD.TPS:DSD_LFS@DF_IALFS_UNE_M(1.0),Monthly unemployment rates,I,FRA,France,UNE_LF_M,Monthly unemployment rate,PT_LF_SUB,Percentage of labour force in the same subgroup,_Z,Not applicable,Y,Calendar and seasonally adjusted,_T,Total,Y_GE15,15 years or over,_Z,Not applicable,Q,Quarterly,1999-Q2,,10.7,,,,A,Normal value,0,Units,1,One
DATAFLOW,OECD.SDD.TPS:DSD_LFS@DF_IALFS_UNE_M(1.0),Monthly unemployment rates,I,FRA,France,UNE_LF_M,Monthly unemployment rate,PT_LF_SUB,Percentage of labour force in the same subgroup,_Z,Not applicable,Y,Calendar and seasonally adjusted,_T,Total,Y_GE15,15 years or over,_Z,Not applicable,Q,Quarterly,1999-Q3,,10.36667,,,,A,Normal value,0,Units,1,One
DATAFLOW,OECD.SDD.TPS:DSD_LFS@DF_IALFS_UNE_M(1.0),Monthly unemployment rates,I,FRA,France,UNE_LF_M,Monthly unemployment rate,PT_LF_SUB,Percentage of labour force in the same subgroup,_Z,Not applicable,Y,Calendar and seasonally adjusted,_T,Total,Y_GE15,15 years or over,_Z,Not applicable,Q,Quarterly,1999-Q4,,9.966666,,,,A,Normal value,0,Units,1,One
DATAFLOW,OECD.SDD.TPS:DSD_LFS@DF_IALFS_UNE_M(1.0),Monthly unemployment rates,I,FRA,France,UNE_LF_M,Monthly unemployment rate,PT_LF_SUB,Percentage of labour force in the same subgroup,_Z,Not applicable,Y,Calendar and seasonally adjusted,_T,Total,Y_GE15,15 years or over,_Z,Not applicable,Q,Quarterly,2000-Q1,,9.633333,,,,A,Normal value,0,Units,1,One
DATAFLOW,OECD.SDD.TPS:DSD_LFS@DF_IALFS_UNE_M(1.0),Monthly unemployment rates,I,FRA,France,UNE_LF_M,Monthly unemployment rate,PT_LF_SUB,Percentage of labour force in the same subgroup,_Z,Not applicable,Y,Calendar and seasonally adjusted,_T,Total,Y_GE15,15 years or over,_Z,Not applicable,Q,Quarterly,2000-Q2,,9.3,,,,A,Normal value,0,Units,1,One
DATAFLOW,OECD.SDD.TPS:DSD_LFS@DF_IALFS_UNE_M(1.0),Monthly unemployment rates,I,FRA,France,UNE_LF_M,Monthly unemployment rate,PT_LF_SUB,Percentage of labour force in the same subgroup,_Z,Not applicable,Y,Calendar and seasonally adjusted,_T,Total,Y_GE15,15 years or over,_Z,Not applicable,Q,Quarterly,2000-Q3,,9,,,,A,Normal value,0,Units,1,One
DATAFLOW,OECD.SDD.TPS:DSD_LFS@DF_IALFS_UNE_M(1.0),Monthly unemployment rates,I,FRA,France,UNE_LF_M,Monthly unemployment rate,PT_LF_SUB,Percentage of labour force in the same subgroup,_Z,Not applicable,Y,Calendar and seasonally adjusted,_T,Total,Y_GE15,15 years or over,_Z,Not applicable,Q,Quarterly,2000-Q4,,8.766666,,,,A,Normal value,0,Units,1,One
DATAFLOW,OECD.SDD.TPS:DSD_LFS@DF_IALFS_UNE_M(1.0),Monthly unemployment rates,I,FRA,France,UNE_LF_M,Monthly unemployment rate,PT_LF_SUB,Percentage of labour force in the same subgroup,_Z,Not applicable,Y,Calendar and seasonally adjusted,_T,Total,Y_GE15,15 years or over,_Z,Not applicable,Q,Quarterly,2001-Q1,,8.566667,,,,A,Normal value,0,Units,1,One
DATAFLOW,OECD.SDD.TPS:DSD_LFS@DF_IALFS_UNE_M(1.0),Monthly unemployment rates,I,FRA,France,UNE_LF_M,Monthly unemployment rate,PT_LF_SUB,Percentage of labour force in the same subgroup,_Z,Not applicable,Y,Calendar and seasonally adjusted,_T,Total,Y_GE15,15 years or over,_Z,Not applicable,Q,Quarterly,2001-Q2,,8.5,,,,A,Normal value,0,Units,1,One
DATAFLOW,OECD.SDD.TPS:DSD_LFS@DF_IALFS_UNE_M(1.0),Monthly unemployment rates,I,FRA,France,UNE_LF_M,Monthly unemployment rate,PT_LF_SUB,Percentage of labour force in the same subgroup,_Z,Not applicable,Y,Calendar and seasonally adjusted,_T,Total,Y_GE15,15 years or over,_Z,Not applicable,Q,Quarterly,2001-Q3,,8.4,,,,A,Normal value,0,Units,1,One
DATAFLOW,OECD.SDD.TPS:DSD_LFS@DF_IALFS_UNE_M(1.0),Monthly unemployment rates,I,FRA,France,UNE_LF_M,Monthly unemployment rate,PT_LF_SUB,Percentage of labour force in the same subgroup,_Z,Not applicable,Y,Calendar and seasonally adjusted,_T,Total,Y_GE15,15 years or over,_Z,Not applicable,Q,Quarterly,2001-Q4,,8.366667,,,,A,Normal value,0,Units,1,One
DATAFLOW,OECD.SDD.TPS:DSD_LFS@DF_IALFS_UNE_M(1.0),Monthly unemployment rates,I,FRA,France,UNE_LF_M,Monthly unemployment rate,PT_LF_SUB,Percentage of labour force in the same subgroup,_Z,Not applicable,Y,Calendar and seasonally adjusted,_T,Total,Y_GE15,15 years or over,_Z,Not applicable,Q,Quarterly,2002-Q1,,8.2,,,,A,Normal value,0,Units,1,One
DATAFLOW,OECD.SDD.TPS:DSD_LFS@DF_IALFS_UNE_M(1.0),Monthly unemployment rates,I,FRA,France,UNE_LF_M,Monthly unemployment rate,PT_LF_SUB,Percentage of labour force in the same subgroup,_Z,Not applicable,Y,Calendar and seasonally adjusted,_T,Total,Y_GE15,15 years or over,_Z,Not applicable,Q,Quarterly,2002-Q2,,8.2,,,,A,Normal value,0,Units,1,One
DATAFLOW,OECD.SDD.TPS:DSD_LFS@DF_IALFS_UNE_M(1.0),Monthly unemployment rates,I,FRA,France,UNE_LF_M,Monthly unemployment rate,PT_LF_SUB,Percentage of labour force in the same subgroup,_Z,Not applicable,Y,Calendar and seasonally adjusted,_T,Total,Y_GE15,15 years or over,_Z,Not applicable,Q,Quarterly,2002-Q3,,8.3,,,,A,Normal value,0,Units,1,One
DATAFLOW,OECD.SDD.TPS:DSD_LFS@DF_IALFS_UNE_M(1.0),Monthly unemployment rates,I,FRA,France,UNE_LF_M,Monthly unemployment rate,PT_LF_SUB,Percentage of labour force in the same subgroup,_Z,Not applicable,Y,Calendar and seasonally adjusted,_T,Total,Y_GE15,15 years or over,_Z,Not applicable,Q,Quarterly,2002-Q4,,8.4,,,,A,Normal value,0,Units,1,One
DATAFLOW,OECD.SDD.TPS:DSD_LFS@DF_IALFS_UNE_M(1.0),Monthly unemployment rates,I,FRA,France,UNE_LF_M,Monthly unemployment rate,PT_LF_SUB,Percentage of labour force in the same subgroup,_Z,Not applicable,Y,Calendar and seasonally adjusted,_T,Total,Y_GE15,15 years or over,_Z,Not applicable,Q,Quarterly,2003-Q1,,8.3,,,,A,Normal value,0,Units,1,One
DATAFLOW,OECD.SDD.TPS:DSD_LFS@DF_IALFS_UNE_M(1.0),Monthly unemployment rates,I,FRA,France,UNE_LF_M,Monthly unemployment rate,PT_LF_SUB,Percentage of labour force in the same subgroup,_Z,Not applicable,Y,Calendar and seasonally adjusted,_T,Total,Y_GE15,15 years or over,_Z,Not applicable,Q,Quarterly,2003-Q2,,8.5,,,,A,Normal value,0,Units,1,One
DATAFLOW,OECD.SDD.TPS:DSD_LFS@DF_IALFS_UNE_M(1.0),Monthly unemployment rates,I,FRA,France,UNE_LF_M,Monthly unemployment rate,PT_LF_SUB,Percentage of labour force in the same subgroup,_Z,Not applicable,Y,Calendar and seasonally adjusted,_T,Total,Y_GE15,15 years or over,_Z,Not applicable,Q,Quarterly,2003-Q3,,8.433333,,,,A,Normal value,0,Units,1,One
DATAFLOW,OECD.SDD.TPS:DSD_LFS@DF_IALFS_UNE_M(1.0),Monthly unemployment rates,I,FRA,France,UNE_LF_M,Monthly unemployment rate,PT_LF_SUB,Percentage of labour force in the same subgroup,_Z,Not applicable,Y,Calendar and seasonally adjusted,_T,Total,Y_GE15,15 years or over,_Z,Not applicable,Q,Quarterly,2003-Q4,,8.833333,,,,A,Normal value,0,Units,1,One
DATAFLOW,OECD.SDD.TPS:DSD_LFS@DF_IALFS_UNE_M(1.0),Monthly unemployment rates,I,FRA,France,UNE_LF_M,Monthly unemployment rate,PT_LF_SUB,Percentage of labour force in the same subgroup,_Z,Not applicable,Y,Calendar and seasonally adjusted,_T,Total,Y_GE15,15 years or over,_Z,Not applicable,Q,Quarterly,2004-Q1,,8.9,,,,A,Normal value,0,Units,1,One
DATAFLOW,OECD.SDD.TPS:DSD_LFS@DF_IALFS_UNE_M(1.0),Monthly unemployment rates,I,FRA,France,UNE_LF_M,Monthly unemployment rate,PT_LF_SUB,Percentage of labour force in the same subgroup,_Z,Not applicable,Y,Calendar and seasonally adjusted,_T,Total,Y_GE15,15 years or over,_Z,Not applicable,Q,Quarterly,2004-Q2,,8.8,,,,A,Normal value,0,Units,1,One
DATAFLOW,OECD.SDD.TPS:DSD_LFS@DF_IALFS_UNE_M(1.0),Monthly unemployment rates,I,FRA,France,UNE_LF_M,Monthly unemployment rate,PT_LF_SUB,Percentage of labour force in the same subgroup,_Z,Not applicable,Y,Calendar and seasonally adjusted,_T,Total,Y_GE15,15 years or over,_Z,Not applicable,Q,Quarterly,2004-Q3,,8.866667,,,,A,Normal value,0,Units,1,One
DATAFLOW,OECD.SDD.TPS:DSD_LFS@DF_IALFS_UNE_M(1.0),Monthly unemployment rates,I,FRA,France,UNE_LF_M,Monthly unemployment rate,PT_LF_SUB,Percentage of labour force in the same subgroup,_Z,Not applicable,Y,Calendar and seasonally adjusted,_T,Total,Y_GE15,15 years or over,_Z,Not applicable,Q,Quarterly,2004-Q4,,8.966666,,,,A,Normal value,0,Units,1,One
DATAFLOW,OECD.SDD.TPS:DSD_LFS@DF_IALFS_UNE_M(1.0),Monthly unemployment rates,I,FRA,France,UNE_LF_M,Monthly unemployment rate,PT_LF_SUB,Percentage of labour force in the same subgroup,_Z,Not applicable,Y,Calendar and seasonally adjusted,_T,Total,Y_GE15,15 years or over,_Z,Not applicable,Q,Quarterly,2005-Q1,,8.633333,,,,A,Normal value,0,Units,1,One
DATAFLOW,OECD.SDD.TPS:DSD_LFS@DF_IALFS_UNE_M(1.0),Monthly unemployment rates,I,FRA,France,UNE_LF_M,Monthly unemployment rate,PT_LF_SUB,Percentage of labour force in the same subgroup,_Z,Not applicable,Y,Calendar and seasonally adjusted,_T,Total,Y_GE15,15 years or over,_Z,Not applicable,Q,Quarterly,2005-Q2,,8.8,,,,A,Normal value,0,Units,1,One
DATAFLOW,OECD.SDD.TPS:DSD_LFS@DF_IALFS_UNE_M(1.0),Monthly unemployment rates,I,FRA,France,UNE_LF_M,Monthly unemployment rate,PT_LF_SUB,Percentage of labour force in the same subgroup,_Z,Not applicable,Y,Calendar and seasonally adjusted,_T,Total,Y_GE15,15 years or over,_Z,Not applicable,Q,Quarterly,2005-Q3,,9,,,,A,Normal value,0,Units,1,One
DATAFLOW,OECD.SDD.TPS:DSD_LFS@DF_IALFS_UNE_M(1.0),Monthly unemployment rates,I,FRA,France,UNE_LF_M,Monthly unemployment rate,PT_LF_SUB,Percentage of labour force in the same subgroup,_Z,Not applicable,Y,Calendar and seasonally adjusted,_T,Total,Y_GE15,15 years or over,_Z,Not applicable,Q,Quarterly,2005-Q4,,9.1,,,,A,Normal value,0,Units,1,One
DATAFLOW,OECD.SDD.TPS:DSD_LFS@DF_IALFS_UNE_M(1.0),Monthly unemployment rates,I,FRA,France,UNE_LF_M,Monthly unemployment rate,PT_LF_SUB,Percentage of labour force in the same subgroup,_Z,Not applicable,Y,Calendar and seasonally adjusted,_T,Total,Y_GE15,15 years or over,_Z,Not applicable,Q,Quarterly,2006-Q1,,9.166667,,,,A,Normal value,0,Units,1,One
DATAFLOW,OECD.SDD.TPS:DSD_LFS@DF_IALFS_UNE_M(1.0),Monthly unemployment rates,I,FRA,France,UNE_LF_M,Monthly unemployment rate,PT_LF_SUB,Percentage of labour force in the same subgroup,_Z,Not applicable,Y,Calendar and seasonally adjusted,_T,Total,Y_GE15,15 years or over,_Z,Not applicable,Q,Quarterly,2006-Q2,,8.933333,,,,A,Normal value,0,Units,1,One
DATAFLOW,OECD.SDD.TPS:DSD_LFS@DF_IALFS_UNE_M(1.0),Monthly unemployment rates,I,FRA,France,UNE_LF_M,Monthly unemployment rate,PT_LF_SUB,Percentage of labour force in the same subgroup,_Z,Not applicable,Y,Calendar and seasonally adjusted,_T,Total,Y_GE15,15 years or over,_Z,Not applicable,Q,Quarterly,2006-Q3,,8.933333,,,,A,Normal value,0,Units,1,One
DATAFLOW,OECD.SDD.TPS:DSD_LFS@DF_IALFS_UNE_M(1.0),Monthly unemployment rates,I,FRA,France,UNE_LF_M,Monthly unemployment rate,PT_LF_SUB,Percentage of labour force in the same subgroup,_Z,Not applicable,Y,Calendar and seasonally adjusted,_T,Total,Y_GE15,15 years or over,_Z,Not applicable,Q,Quarterly,2006-Q4,,8.366667,,,,A,Normal value,0,Units,1,One
DATAFLOW,OECD.SDD.TPS:DSD_LFS@DF_IALFS_UNE_M(1.0),Monthly unemployment rates,I,FRA,France,UNE_LF_M,Monthly unemployment rate,PT_LF_SUB,Percentage of labour force in the same subgroup,_Z,Not applicable,Y,Calendar and seasonally adjusted,_T,Total,Y_GE15,15 years or over,_Z,Not applicable,Q,Quarterly,2007-Q1,,8.466666,,,,A,Normal value,0,Units,1,One
DATAFLOW,OECD.SDD.TPS:DSD_LFS@DF_IALFS_UNE_M(1.0),Monthly unemployment rates,I,FRA,France,UNE_LF_M,Monthly unemployment rate,PT_LF_SUB,Percentage of labour force in the same subgroup,_Z,Not applicable,Y,Calendar and seasonally adjusted,_T,Total,Y_GE15,15 years or over,_Z,Not applicable,Q,Quarterly,2007-Q2,,8.133333,,,,A,Normal value,0,Units,1,One
DATAFLOW,OECD.SDD.TPS:DSD_LFS@DF_IALFS_UNE_M(1.0),Monthly unemployment rates,I,FRA,France,UNE_LF_M,Monthly unemployment rate,PT_LF_SUB,Percentage of labour force in the same subgroup,_Z,Not applicable,Y,Calendar and seasonally adjusted,_T,Total,Y_GE15,15 years or over,_Z,Not applicable,Q,Quarterly,2007-Q3,,8,,,,A,Normal value,0,Units,1,One
DATAFLOW,OECD.SDD.TPS:DSD_LFS@DF_IALFS_UNE_M(1.0),Monthly unemployment rates,I,FRA,France,UNE_LF_M,Monthly unemployment rate,PT_LF_SUB,Percentage of labour force in the same subgroup,_Z,Not applicable,Y,Calendar and seasonally adjusted,_T,Total,Y_GE15,15 years or over,_Z,Not applicable,Q,Quarterly,2007-Q4,,7.5,,,,A,Normal value,0,Units,1,One
DATAFLOW,OECD.SDD.TPS:DSD_LFS@DF_IALFS_UNE_M(1.0),Monthly unemployment rates,I,FRA,France,UNE_LF_M,Monthly unemployment rate,PT_LF_SUB,Percentage of labour force in the same subgroup,_Z,Not applicable,Y,Calendar and seasonally adjusted,_T,Total,Y_GE15,15 years or over,_Z,Not applicable,Q,Quarterly,2008-Q1,,7.1,,,,A,Normal value,0,Units,1,One
DATAFLOW,OECD.SDD.TPS:DSD_LFS@DF_IALFS_UNE_M(1.0),Monthly unemployment rates,I,FRA,France,UNE_LF_M,Monthly unemployment rate,PT_LF_SUB,Percentage of labour force in the same subgroup,_Z,Not applicable,Y,Calendar and seasonally adjusted,_T,Total,Y_GE15,15 years or over,_Z,Not applicable,Q,Quarterly,2008-Q2,,7.333333,,,,A,Normal value,0,Units,1,One
DATAFLOW,OECD.SDD.TPS:DSD_LFS@DF_IALFS_UNE_M(1.0),Monthly unemployment rates,I,FRA,France,UNE_LF_M,Monthly unemployment rate,PT_LF_SUB,Percentage of labour force in the same subgroup,_Z,Not applicable,Y,Calendar and seasonally adjusted,_T,Total,Y_GE15,15 years or over,_Z,Not applicable,Q,Quarterly,2008-Q3,,7.5,,,,A,Normal value,0,Units,1,One
DATAFLOW,OECD.SDD.TPS:DSD_LFS@DF_IALFS_UNE_M(1.0),Monthly unemployment rates,I,FRA,France,UNE_LF_M,Monthly unemployment rate,PT_LF_SUB,Percentage of labour force in the same subgroup,_Z,Not applicable,Y,Calendar and seasonally adjusted,_T,Total,Y_GE15,15 years or over,_Z,Not applicable,Q,Quarterly,2008-Q4,,7.8,,,,A,Normal value,0,Units,1,One
DATAFLOW,OECD.SDD.TPS:DSD_LFS@DF_IALFS_UNE_M(1.0),Monthly unemployment rates,I,FRA,France,UNE_LF_M,Monthly unemployment rate,PT_LF_SUB,Percentage of labour force in the same subgroup,_Z,Not applicable,Y,Calendar and seasonally adjusted,_T,Total,Y_GE15,15 years or over,_Z,Not applicable,Q,Quarterly,2009-Q1,,8.6,,,,A,Normal value,0,Units,1,One
DATAFLOW,OECD.SDD.TPS:DSD_LFS@DF_IALFS_UNE_M(1.0),Monthly unemployment rates,I,FRA,France,UNE_LF_M,Monthly unemployment rate,PT_LF_SUB,Percentage of labour force in the same subgroup,_Z,Not applicable,Y,Calendar and seasonally adjusted,_T,Total,Y_GE15,15 years or over,_Z,Not applicable,Q,Quarterly,2009-Q2,,9.166667,,,,A,Normal value,0,Units,1,One
DATAFLOW,OECD.SDD.TPS:DSD_LFS@DF_IALFS_UNE_M(1.0),Monthly unemployment rates,I,FRA,France,UNE_LF_M,Monthly unemployment rate,PT_LF_SUB,Percentage of labour force in the same subgroup,_Z,Not applicable,Y,Calendar and seasonally adjusted,_T,Total,Y_GE15,15 years or over,_Z,Not applicable,Q,Quarterly,2009-Q3,,9.2,,,,A,Normal value,0,Units,1,One
DATAFLOW,OECD.SDD.TPS:DSD_LFS@DF_IALFS_UNE_M(1.0),Monthly unemployment rates,I,FRA,France,UNE_LF_M,Monthly unemployment rate,PT_LF_SUB,Percentage of labour force in the same subgroup,_Z,Not applicable,Y,Calendar and seasonally adjusted,_T,Total,Y_GE15,15 years or over,_Z,Not applicable,Q,Quarterly,2009-Q4,,9.533334,,,,A,Normal value,0,Units,1,One
DATAFLOW,OECD.SDD.TPS:DSD_LFS@DF_IALFS_UNE_M(1.0),Monthly unemployment rates,I,FRA,France,UNE_LF_M,Monthly unemployment rate,PT_LF_SUB,Percentage of labour force in the same subgroup,_Z,Not applicable,Y,Calendar and seasonally adjusted,_T,Total,Y_GE15,15 years or over,_Z,Not applicable,Q,Quarterly,2010-Q1,,9.4,,,,A,Normal value,0,Units,1,One
DATAFLOW,OECD.SDD.TPS:DSD_LFS@DF_IALFS_UNE_M(1.0),Monthly unemployment rates,I,FRA,France,UNE_LF_M,Monthly unemployment rate,PT_LF_SUB,Percentage of labour force in the same subgroup,_Z,Not applicable,Y,Calendar and seasonally adjusted,_T,Total,Y_GE15,15 years or over,_Z,Not applicable,Q,Quarterly,2010-Q2,,9.266666,,,,A,Normal value,0,Units,1,One
DATAFLOW,OECD.SDD.TPS:DSD_LFS@DF_IALFS_UNE_M(1.0),Monthly unemployment rates,I,FRA,France,UNE_LF_M,Monthly unemployment rate,PT_LF_SUB,Percentage of labour force in the same subgroup,_Z,Not applicable,Y,Calendar and seasonally adjusted,_T,Total,Y_GE15,15 years or over,_Z,Not applicable,Q,Quarterly,2010-Q3,,9.2,,,,A,Normal value,0,Units,1,One
DATAFLOW,OECD.SDD.TPS:DSD_LFS@DF_IALFS_UNE_M(1.0),Monthly unemployment rates,I,FRA,France,UNE_LF_M,Monthly unemployment rate,PT_LF_SUB,Percentage of labour force in the same subgroup,_Z,Not applicable,Y,Calendar and seasonally adjusted,_T,Total,Y_GE15,15 years or over,_Z,Not applicable,Q,Quarterly,2010-Q4,,9.2,,,,A,Normal value,0,Units,1,One
DATAFLOW,OECD.SDD.TPS:DSD_LFS@DF_IALFS_UNE_M(1.0),Monthly unemployment rates,I,FRA,France,UNE_LF_M,Monthly unemployment rate,PT_LF_SUB,Percentage of labour force in the same subgroup,_Z,Not applicable,Y,Calendar and seasonally adjusted,_T,Total,Y_GE15,15 years or over,_Z,Not applicable,Q,Quarterly,2011-Q1,,9.166667,,,,A,Normal value,0,Units,1,One
DATAFLOW,OECD.SDD.TPS:DSD_LFS@DF_IALFS_UNE_M(1.0),Monthly unemployment rates,I,FRA,France,UNE_LF_M,Monthly unemployment rate,PT_LF_SUB,Percentage of labour force in the same subgroup,_Z,Not applicable,Y,Calendar and seasonally adjusted,_T,Total,Y_GE15,15 years or over,_Z,Not applicable,Q,Quarterly,2011-Q2,,9.133333,,,,A,Normal value,0,Units,1,One
DATAFLOW,OECD.SDD.TPS:DSD_LFS@DF_IALFS_UNE_M(1.0),Monthly unemployment rates,I,FRA,France,UNE_LF_M,Monthly unemployment rate,PT_LF_SUB,Percentage of labour force in the same subgroup,_Z,Not applicable,Y,Calendar and seasonally adjusted,_T,Total,Y_GE15,15 years or over,_Z,Not applicable,Q,Quarterly,2011-Q3,,9.2,,,,A,Normal value,0,Units,1,One
DATAFLOW,OECD.SDD.TPS:DSD_LFS@DF_IALFS_UNE_M(1.0),Monthly unemployment rates,I,FRA,France,UNE_LF_M,Monthly unemployment rate,PT_LF_SUB,Percentage of labour force in the same subgroup,_Z,Not applicable,Y,Calendar and seasonally adjusted,_T,Total,Y_GE15,15 years or over,_Z,Not applicable,Q,Quarterly,2011-Q4,,9.366667,,,,A,Normal value,0,Units,1,One
DATAFLOW,OECD.SDD.TPS:DSD_LFS@DF_IALFS_UNE_M(1.0),Monthly unemployment rates,I,FRA,France,UNE_LF_M,Monthly unemployment rate,PT_LF_SUB,Percentage of labour force in the same subgroup,_Z,Not applicable,Y,Calendar and seasonally adjusted,_T,Total,Y_GE15,15 years or over,_Z,Not applicable,Q,Quarterly,2012-Q1,,9.5,,,,A,Normal value,0,Units,1,One
DATAFLOW,OECD.SDD.TPS:DSD_LFS@DF_IALFS_UNE_M(1.0),Monthly unemployment rates,I,FRA,France,UNE_LF_M,Monthly unemployment rate,PT_LF_SUB,Percentage of labour force in the same subgroup,_Z,Not applicable,Y,Calendar and seasonally adjusted,_T,Total,Y_GE15,15 years or over,_Z,Not applicable,Q,Quarterly,2012-Q2,,9.7,,,,A,Normal value,0,Units,1,One
DATAFLOW,OECD.SDD.TPS:DSD_LFS@DF_IALFS_UNE_M(1.0),Monthly unemployment rates,I,FRA,France,UNE_LF_M,Monthly unemployment rate,PT_LF_SUB,Percentage of labour force in the same subgroup,_Z,Not applicable,Y,Calendar and seasonally adjusted,_T,Total,Y_GE15,15 years or over,_Z,Not applicable,Q,Quarterly,2012-Q3,,9.733334,,,,A,Normal value,0,Units,1,One
DATAFLOW,OECD.SDD.TPS:DSD_LFS@DF_IALFS_UNE_M(1.0),Monthly unemployment rates,I,FRA,France,UNE_LF_M,Monthly unemployment rate,PT_LF_SUB,Percentage of labour force in the same subgroup,_Z,Not applicable,Y,Calendar and seasonally adjusted,_T,Total,Y_GE15,15 years or over,_Z,Not applicable,Q,Quarterly,2012-Q4,,10.2,,,,A,Normal value,0,Units,1,One
DATAFLOW,OECD.SDD.TPS:DSD_LFS@DF_IALFS_UNE_M(1.0),Monthly unemployment rates,I,FRA,France,UNE_LF_M,Monthly unemployment rate,PT_LF_SUB,Percentage of labour force in the same subgroup,_Z,Not applicable,Y,Calendar and seasonally adjusted,_T,Total,Y_GE15,15 years or over,_Z,Not applicable,Q,Quarterly,2013-Q1,,10.4,,,,A,Normal value,0,Units,1,One
DATAFLOW,OECD.SDD.TPS:DSD_LFS@DF_IALFS_UNE_M(1.0),Monthly unemployment rates,I,FRA,France,UNE_LF_M,Monthly unemployment rate,PT_LF_SUB,Percentage of labour force in the same subgroup,_Z,Not applicable,Y,Calendar and seasonally adjusted,_T,Total,Y_GE15,15 years or over,_Z,Not applicable,Q,Quarterly,2013-Q2,,10.43333,,,,A,Normal value,0,Units,1,One
DATAFLOW,OECD.SDD.TPS:DSD_LFS@DF_IALFS_UNE_M(1.0),Monthly unemployment rates,I,FRA,France,UNE_LF_M,Monthly unemployment rate,PT_LF_SUB,Percentage of labour force in the same subgroup,_Z,Not applicable,Y,Calendar and seasonally adjusted,_T,Total,Y_GE15,15 years or over,_Z,Not applicable,Q,Quarterly,2013-Q3,,10.23333,,,,A,Normal value,0,Units,1,One
DATAFLOW,OECD.SDD.TPS:DSD_LFS@DF_IALFS_UNE_M(1.0),Monthly unemployment rates,I,FRA,France,UNE_LF_M,Monthly unemployment rate,PT_LF_SUB,Percentage of labour force in the same subgroup,_Z,Not applicable,Y,Calendar and seasonally adjusted,_T,Total,Y_GE15,15 years or over,_Z,Not applicable,Q,Quarterly,2013-Q4,,10.16667,,,,A,Normal value,0,Units,1,One
DATAFLOW,OECD.SDD.TPS:DSD_LFS@DF_IALFS_UNE_M(1.0),Monthly unemployment rates,I,FRA,France,UNE_LF_M,Monthly unemployment rate,PT_LF_SUB,Percentage of labour force in the same subgroup,_Z,Not applicable,Y,Calendar and seasonally adjusted,_T,Total,Y_GE15,15 years or over,_Z,Not applicable,Q,Quarterly,2014-Q1,,10.2,,,,A,Normal value,0,Units,1,One
DATAFLOW,OECD.SDD.TPS:DSD_LFS@DF_IALFS_UNE_M(1.0),Monthly unemployment rates,I,FRA,France,UNE_LF_M,Monthly unemployment rate,PT_LF_SUB,Percentage of labour force in the same subgroup,_Z,Not applicable,Y,Calendar and seasonally adjusted,_T,Total,Y_GE15,15 years or over,_Z,Not applicable,Q,Quarterly,2014-Q2,,10.13333,,,,A,Normal value,0,Units,1,One
DATAFLOW,OECD.SDD.TPS:DSD_LFS@DF_IALFS_UNE_M(1.0),Monthly unemployment rates,I,FRA,France,UNE_LF_M,Monthly unemployment rate,PT_LF_SUB,Percentage of labour force in the same subgroup,_Z,Not applicable,Y,Calendar and seasonally adjusted,_T,Total,Y_GE15,15 years or over,_Z,Not applicable,Q,Quarterly,2014-Q3,,10.23333,,,,A,Normal value,0,Units,1,One
DATAFLOW,OECD.SDD.TPS:DSD_LFS@DF_IALFS_UNE_M(1.0),Monthly unemployment rates,I,FRA,France,UNE_LF_M,Monthly unemployment rate,PT_LF_SUB,Percentage of labour force in the same subgroup,_Z,Not applicable,Y,Calendar and seasonally adjusted,_T,Total,Y_GE15,15 years or over,_Z,Not applicable,Q,Quarterly,2014-Q4,,10.46667,,,,A,Normal value,0,Units,1,One
DATAFLOW,OECD.SDD.TPS:DSD_LFS@DF_IALFS_UNE_M(1.0),Monthly unemployment rates,I,FRA,France,UNE_LF_M,Monthly unemployment rate,PT_LF_SUB,Percentage of labour force in the same subgroup,_Z,Not applicable,Y,Calendar and seasonally adjusted,_T,Total,Y_GE15,15 years or over,_Z,Not applicable,Q,Quarterly,2015-Q1,,10.36667,,,,A,Normal value,0,Units,1,One
DATAFLOW,OECD.SDD.TPS:DSD_LFS@DF_IALFS_UNE_M(1.0),Monthly unemployment rates,I,FRA,France,UNE_LF_M,Monthly unemployment rate,PT_LF_SUB,Percentage of labour force in the same subgroup,_Z,Not applicable,Y,Calendar and seasonally adjusted,_T,Total,Y_GE15,15 years or over,_Z,Not applicable,Q,Quarterly,2015-Q2,,10.43333,,,,A,Normal value,0,Units,1,One
DATAFLOW,OECD.SDD.TPS:DSD_LFS@DF_IALFS_UNE_M(1.0),Monthly unemployment rates,I,FRA,France,UNE_LF_M,Monthly unemployment rate,PT_LF_SUB,Percentage of labour force in the same subgroup,_Z,Not applicable,Y,Calendar and seasonally adjusted,_T,Total,Y_GE15,15 years or over,_Z,Not applicable,Q,Quarterly,2015-Q3,,10.3,,,,A,Normal value,0,Units,1,One
DATAFLOW,OECD.SDD.TPS:DSD_LFS@DF_IALFS_UNE_M(1.0),Monthly unemployment rates,I,FRA,France,UNE_LF_M,Monthly unemployment rate,PT_LF_SUB,Percentage of labour force in the same subgroup,_Z,Not applicable,Y,Calendar and seasonally adjusted,_T,Total,Y_GE15,15 years or over,_Z,Not applicable,Q,Quarterly,2015-Q4,,10.26667,,,,A,Normal value,0,Units,1,One
DATAFLOW,OECD.SDD.TPS:DSD_LFS@DF_IALFS_UNE_M(1.0),Monthly unemployment rates,I,FRA,France,UNE_LF_M,Monthly unemployment rate,PT_LF_SUB,Percentage of labour force in the same subgroup,_Z,Not applicable,Y,Calendar and seasonally adjusted,_T,Total,Y_GE15,15 years or over,_Z,Not applicable,Q,Quarterly,2016-Q1,,10.3,,,,A,Normal value,0,Units,1,One
DATAFLOW,OECD.SDD.TPS:DSD_LFS@DF_IALFS_UNE_M(1.0),Monthly unemployment rates,I,FRA,France,UNE_LF_M,Monthly unemployment rate,PT_LF_SUB,Percentage of labour force in the same subgroup,_Z,Not applicable,Y,Calendar and seasonally adjusted,_T,Total,Y_GE15,15 years or over,_Z,Not applicable,Q,Quarterly,2016-Q2,,10,,,,A,Normal value,0,Units,1,One
DATAFLOW,OECD.SDD.TPS:DSD_LFS@DF_IALFS_UNE_M(1.0),Monthly unemployment rates,I,FRA,France,UNE_LF_M,Monthly unemployment rate,PT_LF_SUB,Percentage of labour force in the same subgroup,_Z,Not applicable,Y,Calendar and seasonally adjusted,_T,Total,Y_GE15,15 years or over,_Z,Not applicable,Q,Quarterly,2016-Q3,,9.866667,,,,A,Normal value,0,Units,1,One
DATAFLOW,OECD.SDD.TPS:DSD_LFS@DF_IALFS_UNE_M(1.0),Monthly unemployment rates,I,FRA,France,UNE_LF_M,Monthly unemployment rate,PT_LF_SUB,Percentage of labour force in the same subgroup,_Z,Not applicable,Y,Calendar and seasonally adjusted,_T,Total,Y_GE15,15 years or over,_Z,Not applicable,Q,Quarterly,2016-Q4,,10.06667,,,,A,Normal value,0,Units,1,One
DATAFLOW,OECD.SDD.TPS:DSD_LFS@DF_IALFS_UNE_M(1.0),Monthly unemployment rates,I,FRA,France,UNE_LF_M,Monthly unemployment rate,PT_LF_SUB,Percentage of labour force in the same subgroup,_Z,Not applicable,Y,Calendar and seasonally adjusted,_T,Total,Y_GE15,15 years or over,_Z,Not applicable,Q,Quarterly,2017-Q1,,9.633333,,,,A,Normal value,0,Units,1,One
DATAFLOW,OECD.SDD.TPS:DSD_LFS@DF_IALFS_UNE_M(1.0),Monthly unemployment rates,I,FRA,France,UNE_LF_M,Monthly unemployment rate,PT_LF_SUB,Percentage of labour force in the same subgroup,_Z,Not applicable,Y,Calendar and seasonally adjusted,_T,Total,Y_GE15,15 years or over,_Z,Not applicable,Q,Quarterly,2017-Q2,,9.5,,,,A,Normal value,0,Units,1,One
DATAFLOW,OECD.SDD.TPS:DSD_LFS@DF_IALFS_UNE_M(1.0),Monthly unemployment rates,I,FRA,France,UNE_LF_M,Monthly unemployment rate,PT_LF_SUB,Percentage of labour force in the same subgroup,_Z,Not applicable,Y,Calendar and seasonally adjusted,_T,Total,Y_GE15,15 years or over,_Z,Not applicable,Q,Quarterly,2017-Q3,,9.466666,,,,A,Normal value,0,Units,1,One
DATAFLOW,OECD.SDD.TPS:DSD_LFS@DF_IALFS_UNE_M(1.0),Monthly unemployment rates,I,FRA,France,UNE_LF_M,Monthly unemployment rate,PT_LF_SUB,Percentage of labour force in the same subgroup,_Z,Not applicable,Y,Calendar and seasonally adjusted,_T,Total,Y_GE15,15 years or over,_Z,Not applicable,Q,Quarterly,2017-Q4,,9.033334,,,,A,Normal value,0,Units,1,One
DATAFLOW,OECD.SDD.TPS:DSD_LFS@DF_IALFS_UNE_M(1.0),Monthly unemployment rates,I,FRA,France,UNE_LF_M,Monthly unemployment rate,PT_LF_SUB,Percentage of labour force in the same subgroup,_Z,Not applicable,Y,Calendar and seasonally adjusted,_T,Total,Y_GE15,15 years or over,_Z,Not applicable,Q,Quarterly,2018-Q1,,9.266666,,,,A,Normal value,0,Units,1,One
DATAFLOW,OECD.SDD.TPS:DSD_LFS@DF_IALFS_UNE_M(1.0),Monthly unemployment rates,I,FRA,France,UNE_LF_M,Monthly unemployment rate,PT_LF_SUB,Percentage of labour force in the same subgroup,_Z,Not applicable,Y,Calendar and seasonally adjusted,_T,Total,Y_GE15,15 years or over,_Z,Not applicable,Q,Quarterly,2018-Q2,,9.1,,,,A,Normal value,0,Units,1,One
DATAFLOW,OECD.SDD.TPS:DSD_LFS@DF_IALFS_UNE_M(1.0),Monthly unemployment rates,I,FRA,France,UNE_LF_M,Monthly unemployment rate,PT_LF_SUB,Percentage of labour force in the same subgroup,_Z,Not applicable,Y,Calendar and seasonally adjusted,_T,Total,Y_GE15,15 years or over,_Z,Not applicable,Q,Quarterly,2018-Q3,,8.933333,,,,A,Normal value,0,Units,1,One
DATAFLOW,OECD.SDD.TPS:DSD_LFS@DF_IALFS_UNE_M(1.0),Monthly unemployment rates,I,FRA,France,UNE_LF_M,Monthly unemployment rate,PT_LF_SUB,Percentage of labour force in the same subgroup,_Z,Not applicable,Y,Calendar and seasonally adjusted,_T,Total,Y_GE15,15 years or over,_Z,Not applicable,Q,Quarterly,2018-Q4,,8.766666,,,,A,Normal value,0,Units,1,One
DATAFLOW,OECD.SDD.TPS:DSD_LFS@DF_IALFS_UNE_M(1.0),Monthly unemployment rates,I,FRA,France,UNE_LF_M,Monthly unemployment rate,PT_LF_SUB,Percentage of labour force in the same subgroup,_Z,Not applicable,Y,Calendar and seasonally adjusted,_T,Total,Y_GE15,15 years or over,_Z,Not applicable,Q,Quarterly,2019-Q1,,8.733334,,,,A,Normal value,0,Units,1,One
DATAFLOW,OECD.SDD.TPS:DSD_LFS@DF_IALFS_UNE_M(1.0),Monthly unemployment rates,I,FRA,France,UNE_LF_M,Monthly unemployment rate,PT_LF_SUB,Percentage of labour force in the same subgroup,_Z,Not applicable,Y,Calendar and seasonally adjusted,_T,Total,Y_GE15,15 years or over,_Z,Not applicable,Q,Quarterly,2019-Q2,,8.5,,,,A,Normal value,0,Units,1,One
DATAFLOW,OECD.SDD.TPS:DSD_LFS@DF_IALFS_UNE_M(1.0),Monthly unemployment rates,I,FRA,France,UNE_LF_M,Monthly unemployment rate,PT_LF_SUB,Percentage of labour force in the same subgroup,_Z,Not applicable,Y,Calendar and seasonally adjusted,_T,Total,Y_GE15,15 years or over,_Z,Not applicable,Q,Quarterly,2019-Q3,,8.3,,,,A,Normal value,0,Units,1,One
DATAFLOW,OECD.SDD.TPS:DSD_LFS@DF_IALFS_UNE_M(1.0),Monthly unemployment rates,I,FRA,France,UNE_LF_M,Monthly unemployment rate,PT_LF_SUB,Percentage of labour force in the same subgroup,_Z,Not applicable,Y,Calendar and seasonally adjusted,_T,Total,Y_GE15,15 years or over,_Z,Not applicable,Q,Quarterly,2019-Q4,,8.2,,,,A,Normal value,0,Units,1,One
DATAFLOW,OECD.SDD.TPS:DSD_LFS@DF_IALFS_UNE_M(1.0),Monthly unemployment rates,I,FRA,France,UNE_LF_M,Monthly unemployment rate,PT_LF_SUB,Percentage of labour force in the same subgroup,_Z,Not applicable,Y,Calendar and seasonally adjusted,_T,Total,Y_GE15,15 years or over,_Z,Not applicable,Q,Quarterly,2020-Q1,,7.866667,,,,A,Normal value,0,Units,1,One
DATAFLOW,OECD.SDD.TPS:DSD_LFS@DF_IALFS_UNE_M(1.0),Monthly unemployment rates,I,FRA,France,UNE_LF_M,Monthly unemployment rate,PT_LF_SUB,Percentage of labour force in the same subgroup,_Z,Not applicable,Y,Calendar and seasonally adjusted,_T,Total,Y_GE15,15 years or over,_Z,Not applicable,Q,Quarterly,2020-Q2,,7.3,,,,A,Normal value,0,Units,1,One
DATAFLOW,OECD.SDD.TPS:DSD_LFS@DF_IALFS_UNE_M(1.0),Monthly unemployment rates,I,FRA,France,UNE_LF_M,Monthly unemployment rate,PT_LF_SUB,Percentage of labour force in the same subgroup,_Z,Not applicable,Y,Calendar and seasonally adjusted,_T,Total,Y_GE15,15 years or over,_Z,Not applicable,Q,Quarterly,2020-Q3,,8.866667,,,,A,Normal value,0,Units,1,One
DATAFLOW,OECD.SDD.TPS:DSD_LFS@DF_IALFS_UNE_M(1.0),Monthly unemployment rates,I,FRA,France,UNE_LF_M,Monthly unemployment rate,PT_LF_SUB,Percentage of labour force in the same subgroup,_Z,Not applicable,Y,Calendar and seasonally adjusted,_T,Total,Y_GE15,15 years or over,_Z,Not applicable,Q,Quarterly,2020-Q4,,8.066667,,,,A,Normal value,0,Units,1,One
DATAFLOW,OECD.SDD.TPS:DSD_LFS@DF_IALFS_UNE_M(1.0),Monthly unemployment rates,I,FRA,France,UNE_LF_M,Monthly unemployment rate,PT_LF_SUB,Percentage of labour force in the same subgroup,_Z,Not applicable,Y,Calendar and seasonally adjusted,_T,Total,Y_GE15,15 years or over,_Z,Not applicable,Q,Quarterly,2021-Q1,,8.166667,,,,A,Normal value,0,Units,1,One
DATAFLOW,OECD.SDD.TPS:DSD_LFS@DF_IALFS_UNE_M(1.0),Monthly unemployment rates,I,FRA,France,UNE_LF_M,Monthly unemployment rate,PT_LF_SUB,Percentage of labour force in the same subgroup,_Z,Not applicable,Y,Calendar and seasonally adjusted,_T,Total,Y_GE15,15 years or over,_Z,Not applicable,Q,Quarterly,2021-Q2,,8.033334,,,,A,Normal value,0,Units,1,One
DATAFLOW,OECD.SDD.TPS:DSD_LFS@DF_IALFS_UNE_M(1.0),Monthly unemployment rates,I,FRA,France,UNE_LF_M,Monthly unemployment rate,PT_LF_SUB,Percentage of labour force in the same subgroup,_Z,Not applicable,Y,Calendar and seasonally adjusted,_T,Total,Y_GE15,15 years or over,_Z,Not applicable,Q,Quarterly,2021-Q3,,7.833333,,,,A,Normal value,0,Units,1,One
DATAFLOW,OECD.SDD.TPS:DSD_LFS@DF_IALFS_UNE_M(1.0),Monthly unemployment rates,I,FRA,France,UNE_LF_M,Monthly unemployment rate,PT_LF_SUB,Percentage of labour force in the same subgroup,_Z,Not applicable,Y,Calendar and seasonally adjusted,_T,Total,Y_GE15,15 years or over,_Z,Not applicable,Q,Quarterly,2021-Q4,,7.433333,,,,A,Normal value,0,Units,1,One
DATAFLOW,OECD.SDD.TPS:DSD_LFS@DF_IALFS_UNE_M(1.0),Monthly unemployment rates,I,FRA,France,UNE_LF_M,Monthly unemployment rate,PT_LF_SUB,Percentage of labour force in the same subgroup,_Z,Not applicable,Y,Calendar and seasonally adjusted,_T,Total,Y_GE15,15 years or over,_Z,Not applicable,Q,Quarterly,2022-Q1,,7.366667,,,,A,Normal value,0,Units,1,One
DATAFLOW,OECD.SDD.TPS:DSD_LFS@DF_IALFS_UNE_M(1.0),Monthly unemployment rates,I,FRA,France,UNE_LF_M,Monthly unemployment rate,PT_LF_SUB,Percentage of labour force in the same subgroup,_Z,Not applicable,Y,Calendar and seasonally adjusted,_T,Total,Y_GE15,15 years or over,_Z,Not applicable,Q,Quarterly,2022-Q2,,7.5,,,,A,Normal value,0,Units,1,One
DATAFLOW,OECD.SDD.TPS:DSD_LFS@DF_IALFS_UNE_M(1.0),Monthly unemployment rates,I,FRA,France,UNE_LF_M,Monthly unemployment rate,PT_LF_SUB,Percentage of labour force in the same subgroup,_Z,Not applicable,Y,Calendar and seasonally adjusted,_T,Total,Y_GE15,15 years or over,_Z,Not applicable,Q,Quarterly,2022-Q3,,7.2,,,,A,Normal value,0,Units,1,One
DATAFLOW,OECD.SDD.TPS:DSD_LFS@DF_IALFS_UNE_M(1.0),Monthly unemployment rates,I,FRA,France,UNE_LF_M,Monthly unemployment rate,PT_LF_SUB,Percentage of labour force in the same subgroup,_Z,Not applicable,Y,Calendar and seasonally adjusted,_T,Total,Y_GE15,15 years or over,_Z,Not applicable,Q,Quarterly,2022-Q4,,7.166667,,,,A,Normal value,0,Units,1,One
DATAFLOW,OECD.SDD.TPS:DSD_LFS@DF_IALFS_UNE_M(1.0),Monthly unemployment rates,I,FRA,France,UNE_LF_M,Monthly unemployment rate,PT_LF_SUB,Percentage of labour force in the same subgroup,_Z,Not applicable,Y,Calendar and seasonally adjusted,_T,Total,Y_GE15,15 years or over,_Z,Not applicable,Q,Quarterly,2023-Q1,,7.1,,,,A,Normal value,0,Units,1,One
DATAFLOW,OECD.SDD.TPS:DSD_LFS@DF_IALFS_UNE_M(1.0),Monthly unemployment rates,I,FRA,France,UNE_LF_M,Monthly unemployment rate,PT_LF_SUB,Percentage of labour force in the same subgroup,_Z,Not applicable,Y,Calendar and seasonally adjusted,_T,Total,Y_GE15,15 years or over,_Z,Not applicable,Q,Quarterly,2023-Q2,,7.3,,,,A,Normal value,0,Units,1,One
DATAFLOW,OECD.SDD.TPS:DSD_LFS@DF_IALFS_UNE_M(1.0),Monthly unemployment rates,I,FRA,France,UNE_LF_M,Monthly unemployment rate,PT_LF_SUB,Percentage of labour force in the same subgroup,_Z,Not applicable,Y,Calendar and seasonally adjusted,_T,Total,Y_GE15,15 years or over,_Z,Not applicable,Q,Quarterly,2023-Q3,,7.4,,,,A,Normal value,0,Units,1,One
DATAFLOW,OECD.SDD.TPS:DSD_LFS@DF_IALFS_UNE_M(1.0),Monthly unemployment rates,I,FRA,France,UNE_LF_M,Monthly unemployment rate,PT_LF_SUB,Percentage of labour force in the same subgroup,_Z,Not applicable,Y,Calendar and seasonally adjusted,_T,Total,Y_GE15,15 years or over,_Z,Not applicable,Q,Quarterly,2023-Q4,,7.533333,,,,A,Normal value,0,Units,1,One
DATAFLOW,OECD.SDD.TPS:DSD_LFS@DF_IALFS_UNE_M(1.0),Monthly unemployment rates,I,FRA,France,UNE_LF_M,Monthly unemployment rate,PT_LF_SUB,Percentage of labour force in the same subgroup,_Z,Not applicable,Y,Calendar and seasonally adjusted,_T,Total,Y_GE15,15 years or over,_Z,Not applicable,Q,Quarterly,2024-Q1,,7.5,,,,A,Normal value,0,Units,1,One
DATAFLOW,OECD.SDD.TPS:DSD_LFS@DF_IALFS_UNE_M(1.0),Monthly unemployment rates,I,FRA,France,UNE_LF_M,Monthly unemployment rate,PT_LF_SUB,Percentage of labour force in the same subgroup,_Z,Not applicable,Y,Calendar and seasonally adjusted,_T,Total,Y_GE15,15 years or over,_Z,Not applicable,Q,Quarterly,2024-Q2,,7.4,,,,A,Normal value,0,Units,1,One
DATAFLOW,OECD.SDD.TPS:DSD_LFS@DF_IALFS_UNE_M(1.0),Monthly unemployment rates,I,FRA,France,UNE_LF_M,Monthly unemployment rate,PT_LF_SUB,Percentage of labour force in the same subgroup,_Z,Not applicable,Y,Calendar and seasonally adjusted,_T,Total,Y_GE15,15 years or over,_Z,Not applicable,Q,Quarterly,2024-Q3,,7.433333,,,,A,Normal value,0,Units,1,One
DATAFLOW,OECD.SDD.TPS:DSD_LFS@DF_IALFS_UNE_M(1.0),Monthly unemployment rates,I,FRA,France,UNE_LF_M,Monthly unemployment rate,PT_LF_SUB,Percentage of labour force in the same subgroup,_Z,Not applicable,Y,Calendar and seasonally adjusted,_T,Total,Y_GE15,15 years or over,_Z,Not applicable,Q,Quarterly,2024-Q4,,7.266667,,,,A,Normal value,0,Units,1,One
DATAFLOW,OECD.SDD.TPS:DSD_LFS@DF_IALFS_UNE_M(1.0),Monthly unemployment rates,I,FRA,France,UNE_LF_M,Monthly unemployment rate,PT_LF_SUB,Percentage of labour force in the same subgroup,_Z,Not applicable,Y,Calendar and seasonally adjusted,_T,Total,Y_GE15,15 years or over,_Z,Not applicable,Q,Quarterly,2025-Q1,,7.466667,,,,A,Normal value,0,Units,1,One
DATAFLOW,OECD.SDD.TPS:DSD_LFS@DF_IALFS_UNE_M(1.0),Monthly unemployment rates,I,FRA,France,UNE_LF_M,Monthly unemployment rate,PT_LF_SUB,Percentage of labour force in the same subgroup,_Z,Not applicable,Y,Calendar and seasonally adjusted,_T,Total,Y_GE15,15 years or over,_Z,Not applicable,Q,Quarterly,2025-Q2,,7.566667,,,,A,Normal value,0,Units,1,One
DATAFLOW,OECD.SDD.TPS:DSD_LFS@DF_IALFS_UNE_M(1.0),Monthly unemployment rates,I,FRA,France,UNE_LF_M,Monthly unemployment rate,PT_LF_SUB,Percentage of labour force in the same subgroup,_Z,Not applicable,Y,Calendar and seasonally adjusted,_T,Total,Y_GE15,15 years or over,_Z,Not applicable,Q,Quarterly,2025-Q3,,7.733333,,,,A,Normal value,0,Units,1,One
DATAFLOW,OECD.SDD.TPS:DSD_LFS@DF_IALFS_UNE_M(1.0),Monthly unemployment rates,I,FRA,France,UNE_LF_M,Monthly unemployment rate,PT_LF_SUB,Percentage of labour force in the same subgroup,_Z,Not applicable,Y,Calendar and seasonally adjusted,_T,Total,Y_GE15,15 years or over,_Z,Not applicable,Q,Quarterly,2025-Q4,,7.866667,,,,A,Normal value,0,Units,1,One
